city_id,district_name,street_name,pv
12,东城,东单,1344
12,东城,东四,311
12,东城,东四十条,1026
12,东城,东直门,2422
12,东城,东直门外,53
12,东城,交道口,16
12,东城,光明楼,168
12,东城,其他,625
12,东城,前门,842
12,东城,北京站,121
12,东城,北新桥,59
12,东城,和平里,131
12,东城,天坛,227
12,东城,安定门,140
12,东城,崇文门,544
12,东城,广渠门,486
12,东城,建国门,1029
12,东城,景山,23
12,东城,朝阳门,3212
12,东城,永定门,6
12,东城,灯市口,115
12,东城,王府井,1173
12,东城,磁器口,60
12,东城,雍和宫,1139
12,东城,鼓楼,73
12,丰台,七里庄,401
12,丰台,世界公园,84
12,丰台,丰台路,139
12,丰台,丰益桥,1344
12,丰台,丽泽桥,1586
12,丰台,六里桥,1744
12,丰台,其他,628
12,丰台,刘家窑,108
12,丰台,右安门,131
12,丰台,嘉园,91
12,丰台,太平桥,3
12,丰台,宋家庄,374
12,丰台,岳各庄,147
12,丰台,总部基地,3632
12,丰台,成寿寺,221
12,丰台,方庄,305
12,丰台,玉泉营,1001
12,丰台,石榴庄,565
12,丰台,科丰桥,212
12,丰台,科技园区,6932
12,丰台,花乡,180
12,丰台,草桥,37
12,丰台,莲花池,2
12,丰台,菜户营,126
12,丰台,西客站,19
12,丰台,角门,255
12,丰台,马家堡,773
12,丰台,马连道,11
12,大兴,亦庄,9148
12,大兴,兴业大街,25
12,大兴,兴华大街,21
12,大兴,其他,19
12,大兴,旧宫,269
12,大兴,瀛海镇,1
12,大兴,生物医药基地,18
12,大兴,西红门,419
12,大兴,高米店,11
12,大兴,黄村,109
12,宣武,右安门,31
12,密云,密云,7
12,房山,其他,99
12,房山,良乡,38
12,房山,长阳,5
12,昌平,东小口,39
12,昌平,其他,20
12,昌平,北七家,1023
12,昌平,南邵,15
12,昌平,回龙观,3928
12,昌平,天通苑,619
12,昌平,昌平县城,654
12,昌平,沙河,310
12,昌平,沙河镇,1892
12,昌平,百善,10
12,昌平,立水桥,1297
12,昌平,马池口,18
12,昌平,龙泽,504
12,朝阳,CBD,6374
12,朝阳,三元桥,5180
12,朝阳,三里屯,1282
12,朝阳,东坝,7
12,朝阳,东大桥,194
12,朝阳,亚运村,4755
12,朝阳,健翔桥,412
12,朝阳,八里庄,489
12,朝阳,其他,895
12,朝阳,劲松,791
12,朝阳,北工大,76
12,朝阳,北沙滩,13
12,朝阳,北苑,5662
12,朝阳,十八里店,716
12,朝阳,十里堡,984
12,朝阳,十里河,1503
12,朝阳,南沙滩,120
12,朝阳,南磨房,111
12,朝阳,双井,2780
12,朝阳,双桥,1341
12,朝阳,呼家楼,459
12,朝阳,和平街,162
12,朝阳,四惠,6705
12,朝阳,团结湖,2579
12,朝阳,国贸,10661
12,朝阳,垡头,419
12,朝阳,大屯,343
12,朝阳,大山子,639
12,朝阳,大望路,6728
12,朝阳,太阳宫,344
12,朝阳,奥运村,362
12,朝阳,姚家园,173
12,朝阳,孙河,16
12,朝阳,安慧桥,384
12,朝阳,安贞,3239
12,朝阳,定福庄,862
12,朝阳,小关,91
12,朝阳,小红门,184
12,朝阳,小营,79
12,朝阳,工体,670
12,朝阳,左家庄,256
12,朝阳,常营,2449
12,朝阳,建外大街,431
12,朝阳,惠新西街,329
12,朝阳,惠新里,217
12,朝阳,望京,12773
12,朝阳,朝外,4086
12,朝阳,朝阳公园,220
12,朝阳,朝青板块,2764
12,朝阳,来广营,1543
12,朝阳,柳芳,449
12,朝阳,欢乐谷,260
12,朝阳,永安里,184
12,朝阳,潘家园,134
12,朝阳,燕莎,619
12,朝阳,甘露园,184
12,朝阳,甜水园,245
12,朝阳,百子湾,3844
12,朝阳,石佛营,108
12,朝阳,管庄,573
12,朝阳,红军营南路,52
12,朝阳,红庙,544
12,朝阳,芍药居,481
12,朝阳,花家地,12
12,朝阳,西坝河,200
12,朝阳,豆各庄,357
12,朝阳,酒仙桥,7296
12,朝阳,高碑店,6710
12,海淀,万寿寺,20
12,海淀,万寿路,449
12,海淀,万柳,313
12,海淀,万泉河,54
12,海淀,上地,8820
12,海淀,世纪城,269
12,海淀,中关村,7980
12,海淀,二里庄,171
12,海淀,五棵松,190
12,海淀,五路居,399
12,海淀,五道口,2824
12,海淀,交通大学,92
12,海淀,人民大学,2915
12,海淀,公主坟,578
12,海淀,其他,717
12,海淀,军博,1049
12,海淀,北大清华,452
12,海淀,北太平庄,241
12,海淀,四季青,875
12,海淀,国家图书馆,10
12,海淀,增光路,52
12,海淀,大钟寺,706
12,海淀,学清路,71
12,海淀,学院路,1129
12,海淀,学院路北,131
12,海淀,安宁庄,690
12,海淀,定慧寺,147
12,海淀,小营,39
12,海淀,明光桥,5
12,海淀,永丰,741
12,海淀,永定路,24
12,海淀,清河,1297
12,海淀,牡丹园,1001
12,海淀,田村,49
12,海淀,白石桥,376
12,海淀,皂君庙,380
12,海淀,知春路,2670
12,海淀,紫竹桥,657
12,海淀,联想桥,32
12,海淀,航天桥,165
12,海淀,花园桥,213
12,海淀,苏州桥,210
12,海淀,苏州街,1712
12,海淀,蓟门桥,177
12,海淀,西三旗,1238
12,海淀,西二旗,246
12,海淀,西八里庄,8
12,海淀,西北旺,693
12,海淀,西直门,622
12,海淀,车道沟,196
12,海淀,马甸,990
12,海淀,马连洼,703
12,海淀,魏公村,901
12,石景山,八大处,448
12,石景山,八宝山,1524
12,石景山,八角,160
12,石景山,古城,1942
12,石景山,杨庄,24
12,石景山,玉泉路,213
12,石景山,老山,6
12,石景山,苹果园,817
12,石景山,鲁谷,1843
12,西城,三里河,133
12,西城,六铺炕,175
12,西城,其他,868
12,西城,南礼士路,88
12,西城,右安门,3
12,西城,复兴门,209
12,西城,官园,90
12,西城,宣武门,1763
12,西城,展览路,63
12,西城,广安门,128
12,西城,广安门内,3
12,西城,广安门外,1267
12,西城,德胜门,670
12,西城,新街口,48
12,西城,月坛,298
12,西城,木樨地,4
12,西城,珠市口,2
12,西城,白纸坊,2
12,西城,百万庄,12
12,西城,积水潭,32
12,西城,菜市口,39
12,西城,虎坊桥,25
12,西城,西便门,41
12,西城,西单,200
12,西城,西四,115
12,西城,西客站,144
12,西城,西直门,5175
12,西城,车公庄,501
12,西城,金融街,903
12,西城,长椿街,50
12,西城,阜成门,1010
12,西城,陶然亭,84
12,西城,马甸,724
12,西城,马连道,169
12,西城,鼓楼,72
12,通州,临河里,139
12,通州,九棵树,480
12,通州,八里桥,57
12,通州,其他,301
12,通州,北关,97
12,通州,北苑,1994
12,通州,土桥,790
12,通州,张家湾,391
12,通州,新华大街,839
12,通州,果园,209
12,通州,梨园,137
12,通州,梨园城铁,59
12,通州,次渠,16
12,通州,永顺,3
12,通州,潞城,10
12,通州,玉桥,9
12,通州,运河大街,562
12,通州,马驹桥,516
12,门头沟,城子街道,6
12,顺义,其他,220
12,顺义,南法信,497
12,顺义,后沙峪,61
12,顺义,机场,100
13,上海周边,昆山,6
13,上海周边,花桥,78
13,卢湾,世博滨江,9
13,卢湾,五里桥,192
13,卢湾,打浦桥,13
13,卢湾,淮海中路,1
13,嘉定,丰庄,175
13,嘉定,其他,15
13,嘉定,南翔,1450
13,嘉定,唐行,2
13,嘉定,嘉定城区,116
13,嘉定,嘉定新城,797
13,嘉定,嘉定镇,331
13,嘉定,外冈,23
13,嘉定,安亭,553
13,嘉定,新城,1351
13,嘉定,朱桥,15
13,嘉定,江桥,2139
13,嘉定,菊园新区,48
13,嘉定,金鹤新城,7
13,嘉定,马陆,30
13,嘉定,黄渡,35
13,奉贤,其他,14
13,奉贤,南桥,186
13,奉贤,奉城,17
13,奉贤,西渡,196
13,宝山,上大,276
13,宝山,共富,1259
13,宝山,共康,895
13,宝山,其他,17
13,宝山,刘行,6
13,宝山,友谊路,509
13,宝山,吴淞,251
13,宝山,大华,139
13,宝山,大场,469
13,宝山,庙行,5
13,宝山,张庙,40
13,宝山,杨行,308
13,宝山,水产路,20
13,宝山,淞南,1059
13,宝山,淞宝,96
13,宝山,罗南,27
13,宝山,罗店,20
13,宝山,罗泾,11
13,宝山,通河新村,246
13,宝山,顾村,454
13,宝山,高境,582
13,徐汇,万体馆,3624
13,徐汇,上海南站,678
13,徐汇,交大,151
13,徐汇,其他,45
13,徐汇,华东理工,16
13,徐汇,华泾,200
13,徐汇,复兴中路,109
13,徐汇,建国西路,146
13,徐汇,徐家汇,3353
13,徐汇,斜土路,1560
13,徐汇,枫林路,50
13,徐汇,植物园,65
13,徐汇,淮海西路,491
13,徐汇,湖南路,33
13,徐汇,漕宝路地铁,1701
13,徐汇,漕河泾,4687
13,徐汇,田林,250
13,徐汇,肇嘉浜路,204
13,徐汇,衡山路,268
13,徐汇,襄阳南路,138
13,徐汇,长桥,87
13,徐汇,龙华,1930
13,普陀,万里城,32
13,普陀,中山北路,39
13,普陀,中远两湾城,91
13,普陀,光新,669
13,普陀,其他,1183
13,普陀,华师大,24
13,普陀,宜川路,3
13,普陀,曹杨新村,1455
13,普陀,李子园,103
13,普陀,桃浦,385
13,普陀,武宁路,267
13,普陀,甘泉路,510
13,普陀,真光新村,14
13,普陀,真如,1415
13,普陀,石泉路,9
13,普陀,金沙江路,1461
13,普陀,长寿路,1855
13,普陀,长征,1014
13,普陀,长风新村,1393
13,杨浦,东外滩,713
13,杨浦,中原,398
13,杨浦,五角场,4645
13,杨浦,其他,188
13,杨浦,周家嘴路,214
13,杨浦,四平路,188
13,杨浦,复旦大学,68
13,杨浦,平凉路,415
13,杨浦,控江路,502
13,杨浦,新江湾城,501
13,杨浦,杨浦公园,116
13,杨浦,长白新村,31
13,杨浦,长阳路,973
13,杨浦,鞍山,281
13,杨浦,黄兴,802
13,松江,中山,90
13,松江,九亭,1558
13,松江,其他,47
13,松江,小昆山,2
13,松江,新桥,47
13,松江,松江大学城,299
13,松江,松江工业区,51
13,松江,松江老城,71
13,松江,泗泾,172
13,松江,洞泾,161
13,浦东,三林,1340
13,浦东,上南新村,31
13,浦东,上钢新村,76
13,浦东,世博滨江,796
13,浦东,世纪公园,402
13,浦东,东昌站地铁,50
13,浦东,东明路,179
13,浦东,临港新城,28
13,浦东,八佰伴,4804
13,浦东,六里,25
13,浦东,其他,172
13,浦东,北蔡,1153
13,浦东,南码头,265
13,浦东,合庆,8
13,浦东,周家渡,74
13,浦东,周浦,395
13,浦东,唐镇,14
13,浦东,塘桥,1883
13,浦东,外高桥,1156
13,浦东,川沙,226
13,浦东,康桥,1046
13,浦东,张江,4288
13,浦东,御桥,138
13,浦东,曹路,98
13,浦东,梅园,45
13,浦东,洋泾,1223
13,浦东,浦东外环,101
13,浦东,源深竹园,274
13,浦东,碧云,10
13,浦东,竹园商贸区,2061
13,浦东,联洋,218
13,浦东,航头,116
13,浦东,花木,216
13,浦东,金杨新村,33
13,浦东,金桥,3450
13,浦东,陆家嘴,5169
13,浦东,高行,18
13,浦东,龙阳路地铁站,182
13,虹口,临平路,396
13,虹口,其他,181
13,虹口,凉城,210
13,虹口,北外滩,1519
13,虹口,周家嘴路,226
13,虹口,和平公园,182
13,虹口,四川北路,1892
13,虹口,四平路,278
13,虹口,大柏树,1022
13,虹口,广中路,16
13,虹口,提篮桥,83
13,虹口,曲阳路,327
13,虹口,江湾,120
13,虹口,虹口足球场,825
13,虹口,鲁迅公园,64
13,长宁,中山公园,2800
13,长宁,仙霞新村,1711
13,长宁,其他,7
13,长宁,动物园,29
13,长宁,北新泾,2481
13,长宁,古北,462
13,长宁,周家桥,14
13,长宁,天山路,983
13,长宁,新华路,89
13,长宁,江苏路,49
13,长宁,江苏路地铁,918
13,长宁,程家桥,5
13,长宁,虹桥,901
13,长宁,虹桥火车站,2827
13,长宁,镇宁路,23
13,闵行,七宝,2415
13,闵行,七莘路,3301
13,闵行,东兰新村,124
13,闵行,其他,143
13,闵行,北桥,37
13,闵行,华漕,32
13,闵行,南方商城,714
13,闵行,吴泾,73
13,闵行,春申,997
13,闵行,梅陇,61
13,闵行,江川路,5
13,闵行,浦江,2112
13,闵行,漕宝路,93
13,闵行,老闵行,114
13,闵行,莘庄,1754
13,闵行,莘庄工业区,113
13,闵行,虹桥,1137
13,闵行,虹梅路,78
13,闵行,金虹桥,24
13,闵行,颛桥,1737
13,闵行,龙柏金汇,1020
13,闸北,共和新路,280
13,闸北,其他,144
13,闸北,大宁路,1688
13,闸北,天目西路,1066
13,闸北,宝山路,122
13,闸北,延长路,91
13,闸北,彭浦,408
13,闸北,新客站,243
13,闸北,汶水路,1895
13,闸北,老北站,289
13,闸北,芷江西路,184
13,闸北,西藏北路,575
13,闸北,闸北公园,109
13,青浦,其他,13
13,青浦,华新镇,138
13,青浦,徐泾,961
13,青浦,白鹤,63
13,青浦,赵巷,137
13,青浦,重固,57
13,青浦,青浦工业园区,163
13,青浦,青浦新城,137
13,静安,其他,454
13,静安,北京西路,179
13,静安,南京西路,3894
13,静安,新闸路,415
13,静安,昌平路,350
13,静安,曹家渡,826
13,静安,江宁路,1682
13,静安,西康路,165
13,静安,静安寺,1967
13,黄浦,世博滨江,2
13,黄浦,五里桥,772
13,黄浦,人民广场,3916
13,黄浦,其他,638
13,黄浦,半淞园路,17
13,黄浦,南京东路,729
13,黄浦,南外滩,119
13,黄浦,复兴公园,201
13,黄浦,外滩,1300
13,黄浦,打浦桥,993
13,黄浦,新天地,720
13,黄浦,淮海中路,1270
13,黄浦,淮海路,13
13,黄浦,老西门,595
13,黄浦,董家渡,165
13,黄浦,蓬莱公园,13
13,黄浦,西藏南路,146
13,黄浦,豫园,435
13,黄浦,鲁班路,481
13,黄浦,黄浦滨江,128
14,南开,万兴街,1
14,南开,万德庄大街,1316
14,南开,八里台,339
14,南开,凌宾路,28
14,南开,南门外大街,93
14,南开,卫津路,31
14,南开,城厢中路,3
14,南开,学府街,336
14,南开,广开三马路,16
14,南开,广开四马路,133
14,南开,红旗路,179
14,南开,长虹街,1
14,南开,黄河道,236
14,南开,鼓楼,373
14,和平,体育馆,9
14,和平,劝业场,1
14,和平,南市,124
14,和平,南营门,169
14,和平,南马路,239
14,和平,哈尔滨道,31
14,和平,大沽北路,741
14,和平,小白楼,25
14,和平,张自忠路,46
14,和平,曲阜道,85
14,和平,荣业大街,15
14,和平,西康路,12
14,和平,解放北路,163
14,和平,贵州路,49
14,和平,贵阳路,22
14,和平,赤峰道,649
14,和平,鞍山道,19
14,河东,上杭路,237
14,河东,大王庄,2
14,河东,大直沽,74
14,河东,新开路,131
14,河东,春华街,7
14,河东,津滨大道,16
14,河北,其他,1
14,河北,建国道,128
14,河北,建昌道,20
14,河北,海河东路,132
14,河西,南昌路,20
14,河西,卫津南路,275
14,河西,友谊北路,198
14,河西,大沽南路,574
14,河西,挂甲寺,124
14,河西,浦口道,506
14,河西,湘江道,72
14,河西,越秀路,300
14,河西,陈塘庄,12
14,河西,马场,443
14,河西,黑牛城道,128
14,红桥,大胡同,167
14,红桥,红桥周边,2
14,红桥,芥园道,248
14,西青,侯台,10
15,九龙坡,二郎,105
15,九龙坡,杨家坪,28
15,九龙坡,石桥铺,56
15,九龙坡,谢家湾,343
15,南岸,南坪,1166
15,南岸,铜元局,1
15,巴南,其他,5
15,江北,五里店,326
15,江北,华新街,143
15,江北,大石坝,386
15,江北,寸滩,29
15,江北,江北城,2613
15,江北,石马河,43
15,江北,红旗河沟,617
15,江北,观音桥,2827
15,沙坪坝,小龙坎,38
15,沙坪坝,沙坪坝,43
15,渝中,七星岗,4
15,渝中,上清寺,12
15,渝中,两路口,4
15,渝中,其他,7
15,渝中,化龙桥,280
15,渝中,大坪,995
15,渝中,大溪沟,34
15,渝中,望龙门,350
15,渝中,石油路,38
15,渝中,解放碑,1409
15,渝北,人和,676
15,渝北,其他,876
15,渝北,大竹林,1105
15,渝北,天宫殿,6
15,渝北,翠云,49
15,渝北,鸳鸯,1015
15,渝北,龙塔,98
15,渝北,龙山,216
15,渝北,龙溪,1390
16,南沙,南沙街,58
16,天河,东圃,1601
16,天河,东莞庄,19
16,天河,五山,256
16,天河,体育中心,503
16,天河,体育西路,600
16,天河,元岗,45
16,天河,兴华,6
16,天河,其他,260
16,天河,华景新城,17
16,天河,员村,222
16,天河,天园,45
16,天河,天平架,76
16,天河,天河东路,143
16,天河,天河北,1685
16,天河,天河南,279
16,天河,天河客运站,660
16,天河,岗顶,608
16,天河,广州大道中,27
16,天河,新塘,8
16,天河,林和,1021
16,天河,棠下,506
16,天河,棠东,499
16,天河,沙太南,16
16,天河,猎德,36
16,天河,珠江新城,8147
16,天河,石牌,370
16,天河,粤垦,316
16,天河,车陂,535
16,天河,长兴,24
16,天河,长湴,16
16,天河,黄埔大道东（南）,1173
16,天河,黄埔大道西（南）,5
16,天河,黄村,589
16,天河,龙口西,6
16,天河,龙洞,35
16,海珠,下渡路,11
16,海珠,中大,10
16,海珠,其他,220
16,海珠,南华西,5
16,海珠,南洲,112
16,海珠,宝岗,99
16,海珠,客村,729
16,海珠,工业大道,27
16,海珠,工业大道中,14
16,海珠,工业大道北,7
16,海珠,广州大道南,57
16,海珠,新港,259
16,海珠,新港西,94
16,海珠,昌岗,569
16,海珠,江南大道南,77
16,海珠,江南西,2
16,海珠,沥滘,117
16,海珠,滨江,19
16,海珠,琶洲,2501
16,海珠,赤岗,355
16,番禺,华南碧桂园,41
16,番禺,南村,158
16,番禺,钟村,140
16,白云,三元里,21
16,白云,人和,582
16,白云,同德围,166
16,白云,嘉禾望岗,92
16,白云,广园路,490
16,白云,永泰,159
16,白云,白云大道北,178
16,白云,石槎路,240
16,荔湾,东风西,44
16,荔湾,康王路,4
16,荔湾,芳村,306
16,荔湾,荔湾路,272
16,荔湾,西村,4
16,荔湾,金花,99
16,荔湾,陈家祠,68
16,荔湾,黄沙,107
16,越秀,三元里,39
16,越秀,东川,70
16,越秀,东风东（北）,124
16,越秀,东风东（南）,125
16,越秀,东风中路（南）,190
16,越秀,东风中（北）,450
16,越秀,东风西（北）,10
16,越秀,东风路（南）,317
16,越秀,中山一路,40
16,越秀,中山四路,2
16,越秀,中山路,113
16,越秀,二沙岛,18
16,越秀,五羊新城,342
16,越秀,人民,1
16,越秀,先烈中路,109
16,越秀,先烈南路,18
16,越秀,公园前,179
16,越秀,其他,13
16,越秀,农林下路,31
16,越秀,农讲所,155
16,越秀,北京路,551
16,越秀,区庄,46
16,越秀,华乐,4
16,越秀,大新,9
16,越秀,大沙头,26
16,越秀,小北,198
16,越秀,广卫,32
16,越秀,建设,2
16,越秀,惠福东路,2
16,越秀,梅花村,98
16,越秀,水荫路,72
16,越秀,沿江中路,379
16,越秀,流花,8
16,越秀,淘金,365
16,越秀,环市东,912
16,越秀,环市中,99
16,越秀,白云,47
16,越秀,盘福路,17
16,越秀,西门口,119
16,越秀,解放北,238
16,越秀,解放南,196
16,越秀,黄花岗,74
16,黄埔,大沙,84
16,黄埔,黄埔,298
17,南山,中心区,439
17,南山,其他,142
17,南山,前海,1016
17,南山,华侨城,620
17,南山,南头,381
17,南山,南新路口,1
17,南山,南油,872
17,南山,后海,1062
17,南山,大冲,899
17,南山,桂庙路口,11
17,南山,桃源村,18
17,南山,深大北门,211
17,南山,白石洲,162
17,南山,科技园,7631
17,南山,蛇口,1817
17,南山,西丽,4319
17,宝安,中心区,924
17,宝安,公明,5
17,宝安,其他,212
17,宝安,新中心区,466
17,宝安,新安,3862
17,宝安,松岗,311
17,宝安,桃源居,2
17,宝安,沙井,398
17,宝安,石岩,12
17,宝安,福永,849
17,宝安,翻身路,873
17,宝安,西乡,3656
17,宝安,观澜,25
17,盐田,沙头角,10
17,福田,上梅林,898
17,福田,上步,381
17,福田,上沙,48
17,福田,下梅林,155
17,福田,中心区,3671
17,福田,保税区,2382
17,福田,八卦岭,851
17,福田,其他,194
17,福田,华强北,2931
17,福田,华强南,20
17,福田,园岭,6
17,福田,岗厦,592
17,福田,彩田村,61
17,福田,新洲,139
17,福田,景田,382
17,福田,沙尾,521
17,福田,皇岗,135
17,福田,石厦,435
17,福田,福田口岸,2
17,福田,竹子林,278
17,福田,莲花一村,99
17,福田,莲花北村,16
17,福田,购物公园,14
17,福田,车公庙,3740
17,福田,香蜜湖,97
17,罗湖,东湖,61
17,罗湖,东门,767
17,罗湖,人民南,381
17,罗湖,其他,85
17,罗湖,国贸,877
17,罗湖,布心,139
17,罗湖,文锦,94
17,罗湖,文锦渡,101
17,罗湖,水贝,102
17,罗湖,泥岗,24
17,罗湖,洪湖,680
17,罗湖,清水河,122
17,罗湖,火车站,29
17,罗湖,田贝,45
17,罗湖,笋岗,1038
17,罗湖,罗湖区委,76
17,罗湖,翠竹,16
17,罗湖,草埔,335
17,罗湖,莲塘,224
17,罗湖,蔡屋围,1576
17,罗湖,银湖,52
17,罗湖,黄贝岭,116
17,龙华,其他,195
17,龙华,大浪,461
17,龙华,民治,2493
17,龙华,美丽365花园,11
17,龙华,观澜,517
17,龙华,锦绣江南,1
17,龙华,龙华,2119
17,龙岗,其他,58
17,龙岗,坂田,4283
17,龙岗,坪地,2
17,龙岗,坪山新区,98
17,龙岗,大芬村,19
17,龙岗,布吉,1773
17,龙岗,平湖,373
17,龙岗,康桥,41
17,龙岗,横岗,1846
17,龙岗,龙岗中心城,2859
17,龙岗,龙珠花园,4
26,上城,其他,23
26,上城,南星,10
26,上城,复兴路,16
26,上城,富春路,23
26,上城,庆春路,86
26,上城,延安路,497
26,上城,建国南路,81
26,上城,江城路,13
26,上城,紫阳,68
26,上城,西湖大道,85
26,上城,解放路,29
26,上城,近江,7
26,上城,钱江路,247
26,上城,飞云江路,18
26,上城区,中河中路,291
26,上城区,复兴路,9
26,上城区,复广支二路,93
26,上城区,定安路,14
26,上城区,惠民路,2
26,上城区,望江东路,10
26,上城区,江城路,17
26,上城区,清泰街,14
26,上城区,秋涛路,13
26,上城区,西湖大道,190
26,上城区,解放路,33
26,上城区,近江路,83
26,上城区,郭东园巷,13
26,上城区,钱江路,151
26,上城区,雷霆路,157
26,上城区,飞云江路,3
26,下城,东新,359
26,下城,中河北路,2
26,下城,其他,158
26,下城,凤起路,3
26,下城,华丰路,3
26,下城,庆春路,18
26,下城,延安路,86
26,下城,建国北路,13
26,下城,德胜,32
26,下城,打铁关,235
26,下城,文晖路,67
26,下城,新天地街,299
26,下城,施家桥,20
26,下城,朝晖,154
26,下城,武林广场,171
26,下城,沈半路,100
26,下城,环城北路,10
26,下城,石桥,167
26,下城,石祥路,76
26,下城区,东新路,6
26,下城区,中山北路,50
26,下城区,体育场路,77
26,下城区,兴业街,15
26,下城区,其他,87
26,下城区,凤起路,47
26,下城区,华丰路,2
26,下城区,屏风街,9
26,下城区,庆春路,52
26,下城区,延安路,38
26,下城区,建国北路,24
26,下城区,新天地街,8
26,下城区,朝晖路,146
26,下城区,环城北路,259
26,下城区,白石巷,23
26,下城区,石桥路,16
26,下城区,绍兴路,14
26,余杭,丰岭路,47
26,余杭,临平,421
26,余杭,其他,141
26,余杭,文一西路,1349
26,余杭,祥余线,91
26,余杭,红普北路,2
26,余杭,绿汀路,3
26,余杭,老余杭,32
26,余杭,荆长大道,17
26,余杭,闲林,15
26,余杭,高教路,183
26,余杭区,上园路,2
26,余杭区,丰岭路,18
26,余杭区,水城北路,523
26,余杭区,荆长大道,24
26,余杭区,高顺路,11
26,拱墅,上塘路,70
26,拱墅,丰潭路,32
26,拱墅,余杭塘上,111
26,拱墅,其他,59
26,拱墅,和睦,19
26,拱墅,小河,137
26,拱墅,德胜路,45
26,拱墅,拱宸桥,43
26,拱墅,杭行路,437
26,拱墅,湖墅,21
26,拱墅,湖州街,53
26,拱墅,登云路,53
26,拱墅,石祥路,97
26,拱墅,祥园路,64
26,拱墅,花园岗街,3
26,拱墅,莫干山路,379
26,拱墅,萍水街,92
26,拱墅区,上塘路,42
26,拱墅区,丰潭路,17
26,拱墅区,丽水路,707
26,拱墅区,假山路,36
26,拱墅区,密渡桥路,42
26,拱墅区,沈塘桥弄,25
26,拱墅区,湖墅南路,15
26,拱墅区,湖州街,40
26,拱墅区,潮王路,30
26,拱墅区,登云路,9
26,拱墅区,祥园路,38
26,拱墅区,莫干山路,64
26,江干,三堡,51
26,江干,下沙,701
26,江干,东宁路,136
26,江干,九堡,872
26,江干,九环路,44
26,江干,其他,91
26,江干,凤起东路,18
26,江干,凯旋,2
26,江干,城东新城,25
26,江干,备塘路,12
26,江干,天城东路,54
26,江干,天城路,104
26,江干,学林街,19
26,江干,学源街,48
26,江干,幸福南路,17
26,江干,庆春东路,18
26,江干,彭埠,18
26,江干,德胜东路,52
26,江干,文渊路,14
26,江干,新塘路,323
26,江干,景昙路,35
26,江干,景芳,43
26,江干,机场路,53
26,江干,杭海路,14
26,江干,环城北路,78
26,江干,秋涛北路,24
26,江干,科技园路,509
26,江干,笕桥,29
26,江干,艮山东路,370
26,江干,艮山西路,39
26,江干,金沙大道,33
26,江干,金沙湖,524
26,江干,钱江新城,2611
26,江干,钱江路,26
26,江干区,三堡,30
26,江干区,三新路,8
26,江干区,下沙,130
26,江干区,下沙路,63
26,江干区,东宁路,2
26,江干区,严家弄路,1
26,江干区,中心路,13
26,江干区,九堡,37
26,江干区,九格路,10
26,江干区,元成路,5
26,江干区,六号大街,19
26,江干区,凤起东路,156
26,江干区,凯旋路,49
26,江干区,和兴路,45
26,江干区,天城路,6
26,江干区,太平门直街,3
26,江干区,庆春东路,49
26,江干区,御景路,6
26,江干区,新塘路,28
26,江干区,景昙路,162
26,江干区,机场路,73
26,江干区,森林路,21
26,江干区,环城北路,2
26,江干区,环站东路,6
26,江干区,石桥路,115
26,江干区,秋涛北路,9
26,江干区,金沙大道,30
26,江干区,钱江新城,633
26,江干区,香樟街,15
26,滨江,其他,437
26,滨江,彩虹城,168
26,滨江,江南大道,210
26,滨江,江晖路,9
26,滨江,江虹路,328
26,滨江,江陵路,525
26,滨江,浦沿,541
26,滨江,滨盛路,140
26,滨江,西兴,889
26,滨江,长河,1395
26,滨江,闻涛路,24
26,滨江,阡陌路,123
26,滨江区,丹枫路,87
26,滨江区,江南大道,156
26,滨江区,江晖路,4
26,滨江区,江汉路,169
26,滨江区,泰安路,1
26,滨江区,滨盛路,148
26,滨江区,通和路,6
26,萧山,北干,512
26,萧山,宁围街道,8
26,萧山,市心北路,67
26,萧山,民和路,6
26,萧山,皓月路,36
26,萧山,金鸡路,1
26,萧山,钱江世纪城,2313
26,萧山区,振宁路,12
26,萧山区,民和路,52
26,萧山区,钱江世纪城,3
26,西湖,万塘路,38
26,西湖,三墩,700
26,西湖,其他,31
26,西湖,华星路,4
26,西湖,双龙街,41
26,西湖,古墩路,63
26,西湖,古翠路,19
26,西湖,天目山路,222
26,西湖,学院路,131
26,西湖,振华路,67
26,西湖,文一西路,854
26,西湖,文一路,118
26,西湖,文三路,69
26,西湖,文二西路,40
26,西湖,文二路,47
26,西湖,曙光路,4
26,西湖,申花,115
26,西湖,留下,116
26,西湖,留和路,25
26,西湖,百家园路,28
26,西湖,紫金港路,15
26,西湖,翠柏路,54
26,西湖,西园八路,144
26,西湖,西园路,17
26,西湖,西湖,2
26,西湖,西溪,149
26,西湖,转塘,17
26,西湖,金蓬街,15
26,西湖,黄龙,242
26,西湖区,万塘路,25
26,西湖区,体育场路,2
26,西湖区,双龙街,21
26,西湖区,古墩路,861
26,西湖区,古翠路,88
26,西湖区,塘苗路,18
26,西湖区,大公路,2
26,西湖区,天目山路,206
26,西湖区,学院路,29
26,西湖区,教工路,149
26,西湖区,文一西路,32
26,西湖区,文一路,20
26,西湖区,文三西路,34
26,西湖区,文三路,500
26,西湖区,文二路,192
26,西湖区,曙光路,2
26,西湖区,杭大路,88
26,西湖区,求是路,22
26,西湖区,玉古路,106
26,西湖区,申花路,4
26,西湖区,百家园路,1
26,西湖区,莫干山路,6
26,西湖区,莲花街,3
26,西湖区,西园五路,63
26,西湖区,西园路,17
26,西湖区,西溪,50
26,西湖区,西溪路,38
26,西湖区,金蓬街,7
26,西湖区,黄龙路,72
29,南湖,东栅,10
45,双流,东升,30
45,双流,公兴,9
45,双流,华阳,340
45,双流,正兴,11
45,双流,航空港,211
45,成华,万年场,312
45,成华,其他,11
45,成华,圣灯,5
45,成华,府青路,179
45,成华,建设路,1075
45,成华,成渝立交,29
45,成华,杉板桥,33
45,成华,猛追湾,409
45,成华,玉双路,3
45,成华,青龙,55
45,成华,驷马桥,198
45,武侯,其他,60
45,武侯,内双楠,25
45,武侯,外双楠,320
45,武侯,小天竺,77
45,武侯,望江路,37
45,武侯,机投镇,39
45,武侯,桂溪,575
45,武侯,桐梓林,648
45,武侯,武侯祠大街,5
45,武侯,洗面桥,37
45,武侯,浆洗街,21
45,武侯,火车南站,487
45,武侯,玉林,53
45,武侯,磨子桥,247
45,武侯,簇桥,23
45,武侯,红牌楼,1250
45,武侯,肖家河,77
45,武侯,航空路,101
45,武侯,跳伞塔,1516
45,武侯,高升桥,172
45,温江,光华大道,87
45,温江,其他,19
45,金牛,九里堤,25
45,金牛,交大路,57
45,金牛,何家桥,8
45,金牛,其他,95
45,金牛,国宾,224
45,金牛,天回,1
45,金牛,李家沱,72
45,金牛,梁家巷,9
45,金牛,沙湾,174
45,金牛,花牌坊,63
45,金牛,茶店子,138
45,金牛,荷花池,5
45,金牛,营门口,178
45,金牛,蜀汉路,4
45,金牛,西安路,3
45,金牛,金泉,6
45,金牛,金牛万达,312
45,锦江,万达,53
45,锦江,东大街,1312
45,锦江,九眼桥,206
45,锦江,其他,112
45,锦江,合江亭,10
45,锦江,川师,55
45,锦江,成龙路,2
45,锦江,春熙路,1740
45,锦江,柳江,125
45,锦江,水碾河,122
45,锦江,沙河,10
45,锦江,牛市口,238
45,锦江,牛王庙,489
45,锦江,盐市口,975
45,锦江,红星路,161
45,锦江,龙舟路,32
45,青白江,其他,2
45,青羊,东光,13
45,青羊,中医附院,7
45,青羊,人民公园,265
45,青羊,光华,239
45,青羊,八宝街,166
45,青羊,其他,20
45,青羊,天府广场,452
45,青羊,太升路,473
45,青羊,浣花小区,5
45,青羊,百花中心站,7
45,青羊,苏坡,6
45,青羊,草堂,9
45,青羊,草市街,47
45,青羊,贝森,7
45,青羊,金沙,75
45,青羊,长顺街,69
45,青羊,顺城街,1429
45,青羊,黄田坝,56
45,高新,世纪城,2263
45,高新,中和镇,114
45,高新,其他,38
45,高新,创业路,40
45,高新,南延线,1304
45,高新,大源,53
45,高新,天府一街,779
45,高新,天府三街,2912
45,高新,天府四街,983
45,高新,天府大道,508
45,高新,天府软件园,254
45,高新,天府长城,464
45,高新,孵化园,2996
45,高新,新会展,85
45,高新,理想中心,1412
45,高新,紫荆小区,111
45,高新,美年广场,897
45,高新,肖家河,5
45,高新,金融城,2221
45,高新西区,中海国际,30
45,高新西区,何家桥,77
45,龙泉驿,其他,70
45,龙泉驿,大面,10
55,和平,三好街,19
55,和平,中华路,6
55,和平,五里河,17
55,和平,八经,2
55,和平,南京街,8
55,和平,太原街,2
55,和平,文化路,38
55,和平,长白,14
55,大东,滂江街,32
55,沈北,道义,28
55,沈河,其他,43
55,沈河,北文萃路,33
55,沈河,北站,407
55,沈河,市府广场,75
55,沈河,文化路,19
55,沈河,文艺路,16
55,浑南,世纪新城,3
55,浑南,五三,9
55,浑南,其他,3
55,浑南,桃仙,27
55,浑南,浑南中路,53
55,浑南,浑河堡,10
55,皇姑,北行,3
55,皇姑,北陵,73
55,皇姑,塔湾,3
55,皇姑,崇山,1
55,皇姑,陵西,44
55,铁西,保工,4
55,铁西,其他,1
55,铁西,北二路,22
55,铁西,沈辽路,28
55,铁西,重工,1
55,铁西,铁西广场,20
56,中山,三八广场,182
56,中山,中山广场,29
56,中山,人民路,551
56,中山,人民路东段,23
56,中山,其他,182
56,中山,劳动公园,68
56,中山,友好广场,112
56,中山,友好路,2
56,中山,唐山街,7
56,中山,天津街,164
56,中山,希望广场,176
56,中山,民主广场,4
56,中山,港湾广场,224
56,中山,火车站,12
56,中山,长江路,53
56,中山,青泥洼桥,25
56,开发区,安盛,28
56,开发区,金马路,202
56,沙河口,兴工,4
56,沙河口,其他,17
56,沙河口,华北路,2
56,沙河口,和平广场,43
56,沙河口,太原街,27
56,沙河口,星海公园,7
56,沙河口,星海广场,580
56,沙河口,星海湾,105
56,沙河口,春柳,100
56,沙河口,西安路,409
56,沙河口,辽师,3
56,沙河口,长江路,48
56,沙河口,黄河路,2
56,沙河口,黑石礁,42
56,甘井子,中华路,38
56,甘井子,其他,24
56,甘井子,千山路,56
56,甘井子,华北路,1
56,甘井子,华南广场,197
56,甘井子,机场,10
56,甘井子,泉水,8
56,甘井子,甘井子,29
56,甘井子,辛寨子,116
56,西岗,五一广场,3
56,西岗,人民广场,8
56,西岗,八一路,3
56,西岗,其他,10
56,西岗,北京街,4
56,西岗,新开路,112
56,西岗,站北,1
56,西岗,胜利路,6
56,西岗,英华街,1
56,西岗,长春路,5
56,西岗,香炉礁,37
56,西岗,黄河路,73
56,高新园区,七贤岭,92
56,高新园区,其他,26
56,高新园区,数码广场,9
56,高新园区,海事大学,5
56,高新园区,软件园,22
56,高新园区,高新园区管委会,534
56,高新园区,黄浦路,93
65,建邺,兴隆,435
65,建邺,其他,5
65,建邺,南湖,286
65,建邺,南苑,43
65,建邺,双闸,80
65,建邺,奥体,1366
65,建邺,水西门,24
65,建邺,江东门,174
65,建邺,江心洲,8
65,建邺,沙洲,92
65,建邺,滨湖,17
65,栖霞,万寿,7
65,栖霞,仙林,237
65,栖霞,其他,46
65,栖霞,晓庄,53
65,栖霞,栖霞,47
65,栖霞,迈皋桥,13
65,栖霞,马群,17
65,江宁,上元大街,3
65,江宁,九龙湖,71
65,江宁,其他,107
65,江宁,双龙大道,54
65,江宁,天元东路,254
65,江宁,将军大道,15
65,江宁,开发区,57
65,江宁,方山,15
65,江宁,百家湖,314
65,江宁,秣陵,98
65,江宁,竹山路,85
65,江宁,胜太路,30
65,浦口,星火路,273
65,浦口,江浦,146
65,浦口,顶山,13
65,浦口,高新区,72
65,玄武,丹凤街,37
65,玄武,其他,12
65,玄武,北京东路,6
65,玄武,后宰门,39
65,玄武,孝陵卫,7
65,玄武,新街口,304
65,玄武,樱驼花园,70
65,玄武,玄武湖,2
65,玄武,玄武门,188
65,玄武,珠江路,1111
65,玄武,红山,180
65,玄武,长江路,225
65,秦淮,三山,277
65,秦淮,中华门,71
65,秦淮,中山南路,27
65,秦淮,光华路,112
65,秦淮,其他,36
65,秦淮,大光路,22
65,秦淮,大明路,54
65,秦淮,大行宫,629
65,秦淮,太平南路,5
65,秦淮,夫子庙,96
65,秦淮,常府街,284
65,秦淮,张府园,278
65,秦淮,新街口,1886
65,秦淮,月牙湖,475
65,秦淮,朝天宫,37
65,秦淮,洪家园,29
65,秦淮,洪武路,52
65,秦淮,淮海路,75
65,秦淮,瑞金路,34
65,秦淮,秦虹,21
65,秦淮,红花,126
65,秦淮,长白街,11
65,秦淮,集庆门,40
65,雨花台,其他,59
65,雨花台,宁南,161
65,雨花台,安德门,879
65,雨花台,板桥,15
65,雨花台,西善桥,135
65,雨花台,赛虹桥,97
65,雨花台,雨花新村,608
65,鼓楼,三牌楼,109
65,鼓楼,上海路,8
65,鼓楼,中央门,737
65,鼓楼,五塘,92
65,鼓楼,其他,49
65,鼓楼,凤凰西街,32
65,鼓楼,北京西路,35
65,鼓楼,华侨路,431
65,鼓楼,宁海路,60
65,鼓楼,定淮门,7
65,鼓楼,小市,36
65,鼓楼,广州路,146
65,鼓楼,建宁路,25
65,鼓楼,挹江门,12
65,鼓楼,水佐岗,34
65,鼓楼,汉中门,148
65,鼓楼,江东,172
65,鼓楼,湖南路,828
65,鼓楼,福建路,59
65,鼓楼,虎踞路,6
65,鼓楼,龙江,100
66,北塘,其他,16
66,北塘,凤宾路,2
66,北塘,北大街街道,56
66,北塘,山北,5
66,北塘,惠山,4
66,北塘,黄巷,10
66,南长,五爱路,3
66,南长,其他,31
66,南长,南禅寺,9
66,南长,扬名街道,1
66,南长,清名桥,156
66,南长,金星,4
66,宜兴,宜城街道,2
66,崇安,上马墩街道,21
66,崇安,其他,10
66,崇安,崇安寺街道,373
66,崇安,广瑞路街道,35
66,崇安,广益街道,46
66,崇安,江海街道,46
66,崇安,通江,1
66,惠山,其他,8
66,惠山,前洲镇,1
66,惠山,堰桥街道,15
66,惠山,玉祁镇,6
66,惠山,钱桥街道,1
66,新区,其他,37
66,新区,新安街道,38
66,新区,梅村镇,3
66,新区,江溪街道,20
66,新区,硕放,1
66,新区,长江路,59
66,江阴,其他,1
66,江阴,城东街道,16
66,滨湖,其他,37
66,滨湖,华庄,8
66,滨湖,太湖,40
66,滨湖,河埒,7
66,滨湖,滨湖街道,66
66,滨湖,荣巷,2
66,滨湖,蠡园,6
66,滨湖,蠡湖街道,57
66,滨湖,雪浪街道,27
66,锡山,东亭,11
66,锡山,东港,8
66,锡山,安镇,38
66,锡山,锡沪路,1
67,园区,湖西,5
75,仓山,三高路,24
75,仓山,其他,44
75,仓山,南二环路,6
75,仓山,南江滨路,46
75,仓山,浦上大道,44
75,仓山,金山大道,19
75,仓山,闽江大道,98
75,台江,中亭街,11
75,台江,五一南路,29
75,台江,元洪城,4
75,台江,其他,85
75,台江,双杭,48
75,台江,江滨中路,340
75,台江,白马南路,6
75,台江,茶亭,144
75,台江,鳌峰,293
75,晋安,五四北,62
75,晋安,五里亭,2
75,晋安,岳峰,2
75,晋安,新店,23
75,晋安,王庄,31
75,晋安,福新中路,48
75,晋安,福马路,2
75,晋安,茶园,13
75,晋安,连江路,184
75,晋安,鼓山,12
75,鼓楼,东街,265
75,鼓楼,乌山路,7
75,鼓楼,五一北路,86
75,鼓楼,五一广场,19
75,鼓楼,五四路,818
75,鼓楼,八一七北路,6
75,鼓楼,六一北路,20
75,鼓楼,其他,133
75,鼓楼,华大,2
75,鼓楼,华林路,31
75,鼓楼,安泰,11
75,鼓楼,宝龙,17
75,鼓楼,杨桥路,26
75,鼓楼,水部,1
75,鼓楼,温泉,156
75,鼓楼,温泉公园,1
75,鼓楼,省体中心,7
75,鼓楼,西二环,49
75,鼓楼,西湖,1
75,鼓楼,鼓东,1
75,鼓楼,鼓西,15
103,中原,中原西路,13
103,中原,其他,229
103,中原,嵩山北路,5
103,中原,桐柏路,9
103,中原,棉纺路,4
103,中原,碧沙岗,16
103,二七,京广路,24
103,二七,其他,41
103,二七,大学路,77
103,二七,火车站,27
103,二七,航海路,1
103,二七,解放路,16
103,管城,东大街,3
103,管城,其他,80
103,管城,紫荆山路,294
103,管城,航海东路,37
103,管城,郑汴路,1
103,管城,陇海东路,8
103,郑东,东风东路,15
103,郑东,东风南路,543
103,郑东,中兴路,17
103,郑东,其他,144
103,郑东,农业东路,2
103,郑东,商务内环,234
103,郑东,商务外环,341
103,郑东,商都路,35
103,郑东,商鼎路,369
103,郑东,心怡路,205
103,郑东,金水东路,144
103,金水,东明路,10
103,金水,东风路,22
103,金水,丰产路,18
103,金水,其他,231
103,金水,农业路,180
103,金水,北环,15
103,金水,南阳路,8
103,金水,国基路,5
103,金水,文化路,26
103,金水,未来路,42
103,金水,紫金山,4
103,金水,纬五路,6
103,金水,经三路,30
103,金水,花园路,280
103,金水,金水路,63
103,金水,黄河路,85
176,新城,幸福中路,14
176,新城区,东二路,15
176,新城区,北关正街,10
176,曲江新区,其他,256
176,曲江新区,雁南五路,1
176,曲江新区,雁展路,145
176,未央,其他,23
176,未央,凤城七路,48
176,未央,凤城九路,788
176,未央,凤城二路,72
176,未央,凤城五路,8
176,未央,凤城八路,453
176,未央,凤城十二路,358
176,未央,城北经济开发区,31
176,未央,太华北路,7
176,未央,张家堡,61
176,未央,文景路,32
176,未央,明光路,39
176,未央,未央大道,86
176,未央,未央路,190
176,未央,经济技术开发区,4
176,未央,草滩,5
176,未央,辛家庙,2
176,未央,龙首村,72
176,未央区,凤城一路,60
176,未央区,凤城七路,216
176,未央区,凤城三路,11
176,未央区,凤城九路,60
176,未央区,凤城二路,154
176,未央区,凤城十一路,4
176,未央区,城北经济开发区,2
176,未央区,太华南路,15
176,未央区,文景路,540
176,未央区,明光路,96
176,未央区,未央大道,59
176,未央区,未央路,92
176,沣渭新区,世纪大道,1
176,灞桥,其他,47
176,灞桥,半坡路,124
176,灞桥,浐灞大道,20
176,碑林,南关正街,152
176,碑林,长安北路,16
176,碑林,长安路,12
176,碑林,雁塔北路,5
176,碑林区,二环南路西段,20
176,碑林区,南关正街,340
176,碑林区,含光路,46
176,碑林区,火炬路,8
176,碑林区,长安北路,40
176,莲湖,丰禾路,18
176,莲湖,其他,23
176,莲湖,劳动南路,31
176,莲湖,土门,20
176,莲湖,桃园路,15
176,莲湖,玉祥门,2
176,莲湖区,北大街,123
176,莲湖区,甜水井街,7
176,长安,西长安街,36
176,长安,郭杜,12
176,长安,长安区政府,12
176,雁塔,二环南路,15
176,雁塔,其他,58
176,雁塔,唐兴路,15
176,雁塔,唐延路,86
176,雁塔,天谷八路,19
176,雁塔,太白南路,69
176,雁塔,沣惠南路,462
176,雁塔,电子二路,6
176,雁塔,电子正街,16
176,雁塔,科技二路,1
176,雁塔,科技五路,8
176,雁塔,科技路,36
176,雁塔,长安中路,2
176,雁塔,长安南路,147
176,雁塔,高新三路,14
176,雁塔,高新路,16
176,雁塔,鱼化寨,52
176,雁塔区,二环南路西段,3
176,雁塔区,南三环辅路,22
176,雁塔区,吉祥路,3
176,雁塔区,唐延路,3
176,雁塔区,太白南路,19
176,雁塔区,崇业路,26
176,雁塔区,枫林路,1
176,雁塔区,沣惠南路,12
176,雁塔区,科技一路,3
176,雁塔区,科技二路,12
176,雁塔区,科技五路,119
176,雁塔区,科技四路,2
176,雁塔区,科技路,143
176,雁塔区,高新三路,10
176,雁塔区,高新二路,8
176,雁塔区,高新六路,229
176,雁塔区,高新四路,28
176,雁塔区,高新路,237
176,高新,丈八北路,37
176,高新,光华路,29
176,高新,其他,1537
176,高新,唐延路,1735
176,高新,团结南路,336
176,高新,沣惠南路,316
176,高新,科创路,471
176,高新,科技三路,1
176,高新,科技二路,379
176,高新,科技六路,15
176,高新,科技路西口,86
176,高新,紫薇田园都市,8
176,高新,锦业一路,2120
176,高新,锦业路,2559
176,高新,高新二路,69
176,高新,高新六路,45
176,高新,高新周边,6
176,高新,高新四路,509
176,高新,高新路,617
194,武昌,丁字桥,19
194,武昌,东亭,547
194,武昌,中北路,4090
194,武昌,中南路,2848
194,武昌,其他,3
194,武昌,南湖花园,31
194,武昌,徐东,375
194,武昌,徐东二路,2
194,武昌,徐东大街,151
194,武昌,徐家棚,273
194,武昌,杨园,52
194,武昌,武昌火车站,18
194,武昌,水果湖,62
194,武昌,积玉桥,962
194,武昌,紫阳,23
194,汉阳,月湖,303
194,汉阳,汉阳大道,99
194,汉阳,王家湾,386
194,汉阳,鹦鹉,136
194,汉阳,龙阳大道,325
194,江夏,东湖高新,226
194,江夏,藏龙岛,123
194,江岸,三阳路,343
194,江岸,东立街,6
194,江岸,中山大道,137
194,江岸,二七,43
194,江岸,京汉大道,123
194,江岸,兴业路,3
194,江岸,发展大道,6
194,江岸,台北一路,21
194,江岸,台北路,126
194,江岸,合作路,43
194,江岸,后湖,14
194,江岸,后湖大道,3
194,江岸,大智街,1
194,江岸,建设大道,51
194,江岸,永清,4
194,江岸,永清路,139
194,江岸,江汉北路,1
194,江岸,江汉路,441
194,江岸,沿江大道,8
194,江岸,洞庭街,35
194,江岸,百步亭,33
194,江岸,解放大道,46
194,江岸,青岛路,2
194,江岸,香港路,335
194,江汉,万松,671
194,江汉,中山大道,114
194,江汉,北湖,32
194,江汉,唐家墩,1260
194,江汉,常青,49
194,江汉,建设大道,58
194,江汉,新华,1340
194,江汉,汉兴,4
194,江汉,江汉路,44
194,江汉,沿江大道,14
194,江汉,西北湖,227
194,江汉,解放大道,5
194,江汉,长江日报路,69
194,江汉,青年路,85
194,沌口开发区,体育中心,29
194,洪山,东湖高新,40
194,洪山,光谷,6788
194,洪山,关山,1861
194,洪山,其他,4
194,洪山,卓刀泉,667
194,洪山,广埠屯,75
194,洪山,杨家湾,7
194,洪山,沙湖路,3
194,洪山,珞喻路,3
194,洪山,珞狮南路,259
194,洪山,花山,104
194,洪山,街道口,284
194,洪山,高新大道,9
194,洪山,鲁巷,153
194,洪山,鲁磨路,23
194,硚口,其他,50
194,硚口,宗关,3
194,硚口,宝丰,15
194,硚口,崇仁,322
194,硚口,建设大道,3
194,硚口,武胜路,162
194,硚口,汉水桥,61
194,青山,和平大道,48
194,黄陂,其他,10
204,天心,书院路,8
204,天心,侯家塘,78
204,天心,其他,144
204,天心,南湖路,12
204,天心,坡子街,193
204,天心,天心阁,3
204,天心,白沙街,11
204,天心,芙蓉南路,9
204,天心,解放西路,6
204,天心,黄土岭,81
204,岳麓,其他,123
204,岳麓,岳麓,103
204,岳麓,岳麓周边,54
204,岳麓,新民路,6
204,岳麓,枫林路,25
204,岳麓,桐梓坡,5
204,岳麓,桐梓坡路,7
204,岳麓,桔子洲,4
204,岳麓,梅溪湖,78
204,岳麓,汽车西站,87
204,岳麓,洋湖湿地公园,21
204,岳麓,湖南商学院,3
204,岳麓,金星大道,49
204,岳麓,麓谷,3
204,开福,中山亭,177
204,开福,八一桥,22
204,开福,其他,144
204,开福,北辰三角洲,20
204,开福,四方坪,7
204,开福,开福周边,43
204,开福,德雅路,1
204,开福,芙蓉中路,3
204,开福,营盘路,12
204,星沙,经济开发区,4
204,望城,其他,1
204,芙蓉,万家丽,15
204,芙蓉,五一大道,196
204,芙蓉,五一广场,1
204,芙蓉,人民东路,21
204,芙蓉,八一路,40
204,芙蓉,其他,48
204,芙蓉,定王台,117
204,芙蓉,晚报大道,5
204,芙蓉,朝阳路,8
204,芙蓉,火炬村,5
204,芙蓉,火车站,44
204,芙蓉,芙蓉中路,220
204,芙蓉,荷花路,4
204,芙蓉,蔡锷南路,11
204,芙蓉,解放中路,23
204,芙蓉,解放路,11
204,芙蓉,锦泰广场,5
204,芙蓉,韭菜园,8
204,芙蓉,韶山北路,19
204,芙蓉,马王堆,67
204,芙蓉,黄兴路,4
204,长沙县,其他,1
204,雨花,东塘,39
204,雨花,井湾子,8
204,雨花,侯家塘,4
204,雨花,其他,230
204,雨花,劳动西路,23
204,雨花,喜盈门范城,246
204,雨花,圭塘,6
204,雨花,德思勤广场,71
204,雨花,新星小区,11
204,雨花,树木岭,13
204,雨花,汽车南站,2
204,雨花,窑岭,10
204,雨花,芙蓉中路,10
204,雨花,雨花区政府,30
204,雨花,韶山中路,37
204,雨花,韶山北路,2
204,雨花,韶山南路,14
204,雨花,香樟路,24
204,雨花,高桥,26
