url,uid,uid
m/,2840,2789
m/_qingshanyouyidadao/,5,5
m/_shouyilu/,3,3
m/_ziyang/,4,4
m/a/,5,4
m/b/,1,1
m/baiyun_baiyunjiahe/,1,1
m/baiyun_guangzhoudadaobei/,1,1
m/baiyun_huangshi/,2,2
m/baiyun_jichanglu/,2,2
m/baiyun_xinshi/,1,1
m/baoan/,311,309
m/baoan_baoanqita/,66,64
m/baoan_baoanzhongxinqu/,19,17
m/baoan_baoanzhongxinqusq/,2,2
m/baoan_fanshenlu/,5,5
m/baoan_fuyong/,3,3
m/baoan_fuyongsq/,9,9
m/baoan_gongming/,5,5
m/baoan_guanlan/,74,73
m/baoan_longhuasq/,8,8
m/baoan_shajing/,35,35
m/baoan_shajingsq/,11,10
m/baoan_shiyan/,12,11
m/baoan_songgang/,4,3
m/baoan_xinan/,34,33
m/baoan_xinansq/,16,16
m/baoan_xinzhongxinqu/,5,5
m/baoan_xixiang/,84,83
m/baoan_xixiangsq/,13,13
m/baoshan/,14,13
m/baoshan/au/,3,3
m/baoshan_dachang/,4,4
m/baoshan_dahua/,1,1
m/baoshan_dahuasq/,6,6
m/baoshan_gongfusq/,24,22
m/baoshan_gongkang/,5,5
m/baoshan_gongkangsq/,2,2
m/baoshan_gucun/,1,1
m/baoshan_luodian/,4,4
m/baoshan_shuichanlu/,3,3
m/baoshan_songbao/,3,3
m/baoshan_songnan/,11,11
m/baoshan_tonghexincun/,2,2
m/baoshan_wusong/,4,4
m/baoshan_yanghang/,1,1
m/baoshan_youyilu/,4,4
m/baoshan_yuepu/,1,1
m/baoshan_zhangmiao/,3,3
m/binjiang/,20,20
m/cc/,4,4
m/changning/,9,9
m/changning_beixinjing/,5,5
m/changning_beixinjingsq/,2,2
m/changning_changninghongqiao/,87,79
m/changning_gubei/,2,2
m/changning_hongqiaohuochezhan/,2,2
m/changning_hongqiaohuochezhansq/,1,1
m/changning_hqkfqgbsq/,5,5
m/changning_jiangsulu/,3,3
m/changning_jiangsuluditie/,1,1
m/changning_tianshanlu/,6,6
m/changning_tianshanlusq/,3,3
m/changning_xianxiaxincun/,2,2
m/changning_xinhualu/,4,4
m/changning_zhenninglu/,6,6
m/changning_zhongshangongyuan/,11,11
m/changning_zhongshangongyuansq/,32,32
m/changping/,51,50
m/changping_beiqijia/,2,2
m/changping_changpingxiancheng/,13,13
m/changping_changpingxianchengsq/,2,2
m/changping_huilongguan/,4,4
m/changping_huilongguansq/,9,8
m/changping_huoying/,5,5
m/changping_lishuiqiaosq/,2,2
m/changping_shahe/,1,1
m/changping_shahesq/,4,4
m/changping_shahezhen/,1,1
m/changping_xiaotangshan/,6,6
m/chaoyang/,443,441
m/chaoyang/a/,7,7
m/chaoyang/d/,1,1
m/chaoyang_CBD/,18,18
m/chaoyang_anhuiqiao/,9,9
m/chaoyang_anzhen/,8,8
m/chaoyang_aoyuncun/,3,3
m/chaoyang_baiziwan/,9,9
m/chaoyang_baiziwansq/,1,1
m/chaoyang_balizhuang/,11,11
m/chaoyang_beiyuansq/,6,5
m/chaoyang_cbdgmsq/,127,125
m/chaoyang_cbdgmsq/d/,49,48
m/chaoyang_cbdsq/,5,5
m/chaoyang_changyingsq/,3,3
m/chaoyang_chaoqingbankuai/,28,28
m/chaoyang_chaowai/,4,4
m/chaoyang_chaoyangbeiyuan/,19,19
m/chaoyang_chaoyanggongyuan/,2,2
m/chaoyang_chaoyanggongyuansq/,1,1
m/chaoyang_chaoyangqita/,2,2
m/chaoyang_chaoyangxiaoying/,1,1
m/chaoyang_cysshsq/,33,33
m/chaoyang_datun/,14,14
m/chaoyang_dawanglusq/,4,4
m/chaoyang_fatou/,1,1
m/chaoyang_gaobeidian/,8,8
m/chaoyang_gaobeidianchanyeyuansq/,1,1
m/chaoyang_gaobeidiansq/,6,6
m/chaoyang_gongti/,5,4
m/chaoyang_guomao/,45,45
m/chaoyang_guomaosq/,5,3
m/chaoyang_hepingjie/,2,2
m/chaoyang_huixinxijie/,11,11
m/chaoyang_hujialou/,7,7
m/chaoyang_jianwaidajie/,2,2
m/chaoyang_jingsong/,7,7
m/chaoyang_jiuxianqiao/,1,1
m/chaoyang_jiuxianqiaosq/,5,5
m/chaoyang_laiguangyingsq/,3,3
m/chaoyang_liufang/,1,1
m/chaoyang_meiticun/,3,3
m/chaoyang_panjiayuan/,6,6
m/chaoyang_sanlitun/,15,15
m/chaoyang_sanlitunsq/,7,7
m/chaoyang_sanyuanqiao/,24,24
m/chaoyang_sanyuanqiaosq/,3,3
m/chaoyang_shaoyaoju/,24,23
m/chaoyang_shifoying/,2,2
m/chaoyang_shilihe/,11,11
m/chaoyang_shilihesq/,6,6
m/chaoyang_shuangjing/,5,5
m/chaoyang_shuangjingsq/,6,6
m/chaoyang_shuangqiao/,8,8
m/chaoyang_shuangqiaosq/,2,2
m/chaoyang_sihui/,18,18
m/chaoyang_sihuisq/,2,2
m/chaoyang_sjjssq/,26,24
m/chaoyang_taiyanggong/,1,1
m/chaoyang_tuanjiehu/,12,12
m/chaoyang_tuanjiehusq/,2,2
m/chaoyang_wangjing/,161,157
m/chaoyang_wangjing/a/,4,4
m/chaoyang_wangjingsq/,15,15
m/chaoyang_xiaoguan/,3,3
m/chaoyang_xidawanglu/,15,15
m/chaoyang_yaaoshangquansq/,1,1
m/chaoyang_yansha/,4,4
m/chaoyang_yanshasq/,5,5
m/chaoyang_yaojiayuan/,1,1
m/chaoyang_yayuncun/,11,10
m/chaoyang_yayuncunsq/,4,4
m/chaoyang_yonganli/,11,10
m/chenghua/,1,1
m/chenghua_dongkezhansq/,5,4
m/chenghua_jianshelusq/,3,2
m/chenghua_longtansisq/,1,1
m/chenghua_wannianchangsq/,5,5
m/chenghua_yushuanglusq/,5,5
m/chongwen/,1,1
m/chongwen_ciqikou/,1,1
m/chongwen_tiantan/,1,1
m/cq/,62,62
m/cs/,10,10
m/daxing/,49,46
m/daxing_gaomidian/,5,5
m/daxing_huangcunsq/,6,6
m/daxing_jiugongsq/,1,1
m/daxing_shengwuyiyaojidi/,1,1
m/daxing_xihongmensq/,11,9
m/daxing_xingyedajie/,1,1
m/daxing_yinghaizhen/,5,5
m/daxing_yizhuang/,34,34
m/daxing_yizhuangsq/,45,41
m/dg/,2,2
m/dl/,5,5
m/dongcheng/,6,6
m/dongcheng_andingmen/,12,12
m/dongcheng_chaoyangmensq/,1,1
m/dongcheng_dengshikou/,1,1
m/dongcheng_dongchengqita/,46,46
m/dongcheng_dongdan/,2,2
m/dongcheng_dongsi/,3,3
m/dongcheng_dongsishitiao/,18,18
m/dongcheng_dongsishitiaosq/,1,1
m/dongcheng_dongzhimen/,41,41
m/dongcheng_dongzhimensq/,5,4
m/dongcheng_hepingli/,1,1
m/dongcheng_jianguomen/,15,15
m/dongcheng_jianguomensq/,2,2
m/dongcheng_wangfujingsq/,1,1
m/fanyu/,20,20
m/fanyu/d/,17,17
m/fanyu_shiqiao/,2,2
m/fengtai/,137,132
m/fengtai_changxindian/,1,1
m/fengtai_fangzhuang/,2,2
m/fengtai_fangzhuangsq/,3,3
m/fengtai_fengtaimaliandao/,1,1
m/fengtai_heyi/,10,10
m/fengtai_huaxiang/,13,12
m/fengtai_jiaomen/,2,2
m/fengtai_kejiyuanqu/,9,9
m/fengtai_lianhuashi/,11,11
m/fengtai_liujiayaosq/,4,4
m/fengtai_lizeqiao/,6,6
m/fengtai_lizeqiaosq/,1,1
m/fengtai_majiabao/,9,8
m/fengtai_majiapusq/,2,2
m/fengtai_muxiyuan/,5,5
m/fengtai_shiliuzhuang/,1,1
m/fengtai_songjiazhuang/,4,4
m/fengtai_songjiazhuangsq/,5,5
m/fengtai_yangqiao/,1,1
m/fengtai_yuegezhuang/,1,1
m/fengtai_yuquanying/,1,1
m/fengtai_zongbujidi/,4,3
m/fengtai_zongbujidisq/,24,23
m/fengxian_nanqiao/,2,2
m/fengxian_xidu/,6,6
m/futian/,275,272
m/futian/d/,22,22
m/futian_bagualing/,27,27
m/futian_bagualingsq/,11,10
m/futian_baoshuiqu/,2,2
m/futian_baoshuiqusq/,1,1
m/futian_bijiashan/,2,2
m/futian_caitiancun/,6,6
m/futian_chegongmiao/,32,32
m/futian_chegongmiaosq/,1,1
m/futian_fuhuaxincun/,18,18
m/futian_fuminxincun/,8,8
m/futian_futianzhongxinqu/,29,29
m/futian_futianzhongxinqusq/,2,2
m/futian_gangsha/,5,5
m/futian_gouwugongyuan/,14,14
m/futian_huanggang/,7,7
m/futian_huanggangsq/,1,1
m/futian_huaqiangbei/,110,107
m/futian_huaqiangnan/,2,2
m/futian_huaqiangsq/,4,4
m/futian_jingtian/,13,13
m/futian_lianhuabeicun/,6,6
m/futian_lianhuayicun/,2,2
m/futian_lizhigongyuan/,3,3
m/futian_meilinsq/,9,9
m/futian_shangbu/,34,34
m/futian_shangbusq/,1,1
m/futian_shangmeilin/,22,21
m/futian_shawei/,6,6
m/futian_xiameilin/,2,2
m/futian_xiangmihu/,37,37
m/futian_xiasha/,4,4
m/futian_xinzhou/,18,18
m/futian_yuanling/,2,2
m/futian_zhuzilin/,24,24
m/futian_zhuzilinsq/,2,2
m/fxxiezilou_/,147,146
m/fz/,9,9
m/gaoxin/,21,21
m/gaoxin_dayuansq/,3,3
m/gaoxin_fuhuayuansq/,2,2
m/gaoxin_jinrongchengsq/,4,4
m/gaoxin_lixiangzhongxinsq/,4,4
m/gaoxin_meinianguangchangsq/,6,6
m/gaoxin_shijichengsq/,2,2
m/gaoxin_tianfuchangchengsq/,3,3
m/gaoxin_tianfuruanjianyuansq/,6,6
m/gaoxin_tianfusanjiesq/,1,1
m/gaoxin_tianfusijiesq/,2,2
m/gaoxin_tianfuyijiesq/,2,2
m/guangmingxinqu_guangmingxinqu/,5,5
m/gxbangong/,30,30
m/haidian/,252,251
m/haidian_anningzhuang/,7,7
m/haidian_baishiqiao/,8,8
m/haidian_beidaqinghua/,1,1
m/haidian_beitaipingzhuang/,9,8
m/haidian_beiwalu/,2,2
m/haidian_chedaogou/,8,8
m/haidian_dazhongsi/,4,4
m/haidian_dazhongsisq/,3,3
m/haidian_dinghuisi/,3,3
m/haidian_gongzhufen/,2,2
m/haidian_gongzhufensq/,1,1
m/haidian_haidianganjiakou/,1,1
m/haidian_haidianqita/,1,1
m/haidian_haidianxizhimen/,6,6
m/haidian_haidianyuquanlu/,2,1
m/haidian_hangtianqiao/,1,1
m/haidian_huayuanqiao/,3,3
m/haidian_jiaotongdaxue/,2,2
m/haidian_jimenqiaosq/,2,2
m/haidian_lianxiangqiao/,3,3
m/haidian_madian/,5,5
m/haidian_malianwa/,1,1
m/haidian_mudanyuan/,7,7
m/haidian_mudanyuansq/,1,1
m/haidian_qinghe/,16,16
m/haidian_qinghesq/,2,2
m/haidian_renmindaxue/,1,1
m/haidian_shangdi/,64,64
m/haidian_shangdisq/,6,6
m/haidian_shijicheng/,1,1
m/haidian_sijiqing/,8,8
m/haidian_sijiqingsq/,1,1
m/haidian_suzhoujie/,2,2
m/haidian_suzhouqiao/,4,4
m/haidian_wanliu/,4,4
m/haidian_wanquanhe/,3,3
m/haidian_weigongcun/,1,1
m/haidian_wudaokou/,14,14
m/haidian_wudaokousq/,2,2
m/haidian_wukesong/,1,1
m/haidian_wukesongsq/,1,1
m/haidian_wuluju/,9,9
m/haidian_xibeiwang/,6,6
m/haidian_xierqi/,8,8
m/haidian_xisanqi/,2,2
m/haidian_xisanqisq/,6,6
m/haidian_xueyuanlu/,11,11
m/haidian_zengguanglu/,3,3
m/haidian_zhichunlu/,47,47
m/haidian_zhongguancun/,109,104
m/haidian_zhongguancunsq/,20,20
m/haidian_zizhuqiao/,5,5
m/haizhu/,59,59
m/haizhu_baogang/,2,2
m/haizhu_gongyedadao/,2,2
m/haizhu_gongyedadaobei/,1,1
m/haizhu_guangzhoudadaonan/,4,4
m/haizhu_jiangnandadaozhong/,4,4
m/haizhu_jiangnanxi/,1,1
m/haizhu_kecun/,2,2
m/haizhu_pazhou/,8,8
m/hn/,5,5
m/hongkou/,8,8
m/hongkou_beiwaitan/,30,30
m/hongkou_beiwaitansq/,2,2
m/hongkou_dabaishu/,6,6
m/hongkou_dabaishusq/,1,1
m/hongkou_guangzhonglu/,1,1
m/hongkou_hepinggongyuan/,4,4
m/hongkou_hongkouqita/,5,5
m/hongkou_hongkousipinglu/,13,13
m/hongkou_hongkouzuqiuchang/,10,10
m/hongkou_jiangwan/,6,6
m/hongkou_lclhkzqcsq/,2,2
m/hongkou_liangchengxincun/,5,5
m/hongkou_linpinglu/,8,8
m/hongkou_lphpgysq/,33,31
m/hongkou_luxungongyuan/,3,3
m/hongkou_quyanglu/,11,11
m/hongkou_quyangsq/,3,3
m/hongkou_sichuanbeilu/,16,16
m/hongkou_sichuanbeilusq/,1,1
m/hongkou_tilanqiao/,7,7
m/hongshan/,8,8
m/hongshan_guangbutun/,3,3
m/hongshan_guanggusq/,103,103
m/hongshan_guanshan/,4,4
m/hongshan_jiedaokousq/,6,6
m/hongshan_luoshinanlu/,2,2
m/hongshan_luoyulu/,1,1
m/hongshan_ruanjianyuan/,10,9
m/hongshan_xudongdajie/,2,2
m/house/,12,12
m/hrb/,9,9
m/huangpu/,32,32
m/huangpu_dongjiadu/,2,2
m/huangpu_huangpuqita/,2,2
m/huangpu_laoximen/,9,9
m/huangpu_laoximensq/,1,1
m/huangpu_nanjingdonglu/,12,12
m/huangpu_nanjingdonglusq/,4,4
m/huangpu_nanwaitan/,1,1
m/huangpu_penglaigongyuan/,2,2
m/huangpu_renminguangchang/,14,14
m/huangpu_renminguangchangsq/,22,21
m/huangpu_waitan/,18,16
m/huangpu_waitansq/,8,8
m/huangpu_yuyuan/,2,2
m/huangpu_yuzhu/,1,1
m/jiading/,26,24
m/jiading_anting/,6,5
m/jiading_antingsq/,7,7
m/jiading_fengzhuang/,11,11
m/jiading_fengzhuangsq/,48,48
m/jiading_huangdu/,3,3
m/jiading_jiading/,4,4
m/jiading_jiadingchengqusq/,2,2
m/jiading_jiadingqita/,2,2
m/jiading_jiadingxincheng/,21,21
m/jiading_jiadingzhen/,4,4
m/jiading_jiangqiao/,11,11
m/jiading_jiangqiaosq/,16,15
m/jiading_malu/,4,4
m/jiading_nanxiang/,8,7
m/jiading_nanxiangsq/,8,8
m/jiading_xincheng/,34,34
m/jianggan/,3,3
m/jianggan_huochedongzhansq/,4,4
m/jingan/,11,11
m/jingan_beijingxilusq/,33,33
m/jingan_caojiadu/,8,8
m/jingan_caojiadusq/,3,3
m/jingan_changpinglu/,1,1
m/jingan_jiangninglu/,21,20
m/jingan_jingansi/,30,30
m/jingan_jingansisq/,8,8
m/jingan_nanjingxilu/,22,22
m/jingan_njxljnlsq/,18,18
m/jingan_xikanglu/,4,4
m/jingan_xinzhalu/,4,4
m/jinjiang/,5,5
m/jinjiang_chunxilusq/,33,30
m/jinjiang_dongdajiesq/,9,7
m/jinjiang_hejiangtingsq/,3,3
m/jinjiang_hjsnsksq/,3,3
m/jinjiang_hongxinglusq/,3,3
m/jinjiang_jiuyanqiaosq/,12,12
m/jinjiang_sichuanshidasq/,1,1
m/jinjiang_yanshikousq/,4,4
m/jinniu/,10,10
m/jinniu_chadianzisq/,1,1
m/jinniu_jinniuwandasq/,11,10
m/jinniu_liangjiawansq/,1,1
m/jinniu_yingmenkousq/,3,3
m/jinniu_yipintianxiasq/,3,3
m/jinshan_xinnong/,1,1
m/jn/,6,6
m/km/,17,17
m/liwan/,10,10
m/liwan_fangcun/,1,1
m/liwan_shamian/,3,3
m/liwan_shangxiajiu/,1,1
m/liwan_zhongshanbalu/,1,1
m/longgang/,123,123
m/longgang_bantian/,110,108
m/longgang_bantiansq/,16,15
m/longgang_buji/,51,51
m/longgang_bujiguan/,1,1
m/longgang_bujisq/,8,8
m/longgang_dafencun/,13,13
m/longgang_henggang/,34,34
m/longgang_henggangsq/,10,8
m/longgang_kangqiao/,8,7
m/longgang_longgangqita/,1,1
m/longgang_longgangzhongxincheng/,70,69
m/longgang_longgangzhongxinchengsq/,1,1
m/longgang_pingdi/,3,3
m/longgang_pingdisq/,5,5
m/longgang_pinghu/,14,14
m/longgang_pinghusq/,2,2
m/longhuaxinqu/,33,32
m/longhuaxinqu_dalang/,15,14
m/longhuaxinqu_dalangsq/,3,3
m/longhuaxinqu_longhuaxinquguanlan/,8,8
m/longhuaxinqu_longhuaxinqujinxiujiangnan/,5,5
m/longhuaxinqu_longhuaxinqulonghua/,58,58
m/longhuaxinqu_longhuaxinqumeilihuayuan/,4,4
m/longhuaxinqu_longhuaxinquminzhi/,60,59
m/longhuaxinqu_minzhisq/,15,15
m/luohu/,17,17
m/luohu_buxin/,18,18
m/luohu_caiwuwei/,20,19
m/luohu_caobu/,9,8
m/luohu_cuizhu/,16,16
m/luohu_donghu/,11,11
m/luohu_dongmen/,47,47
m/luohu_dongmensq/,6,6
m/luohu_guomao/,24,24
m/luohu_honghu/,16,15
m/luohu_huangbeiling/,17,16
m/luohu_huochezhan/,14,14
m/luohu_liantang/,1,1
m/luohu_liantangsq/,4,4
m/luohu_liuyibu/,1,1
m/luohu_luohuqita/,13,12
m/luohu_luohuquwei/,10,10
m/luohu_nigang/,5,5
m/luohu_qingshuihe/,4,4
m/luohu_renminnan/,19,19
m/luohu_shuibei/,14,14
m/luohu_sungang/,35,35
m/luohu_tianbei/,9,9
m/luohu_wenjin/,3,3
m/luohu_wenjindu/,16,16
m/luohu_yinhu/,5,5
m/luwan_dapuqiao/,30,30
m/luwan_dapuqiaosq/,1,1
m/luwan_fuxinggongyuan/,1,1
m/luwan_huaihailu/,6,6
m/luwan_huaihaizhonglu/,8,8
m/luwan_huaihaizhonglusq/,3,3
m/luwan_lubanlu/,1,1
m/luwan_luwanshibobinjiang/,2,2
m/luwan_wlqlblsq/,2,2
m/luwan_wuliqiao/,2,2
m/luwan_xintiande/,9,9
m/luwan_xintiandisq/,4,4
m/lz/,3,3
m/mentougou_chengzijiedao/,1,1
m/mentougou_dayu/,3,3
m/mentougou_yongding/,1,1
m/minhang/,95,94
m/minhang/au/,3,2
m/minhang_caobaolu/,13,13
m/minhang_chunshensq/,5,4
m/minhang_gumeiluoyang/,2,2
m/minhang_hongqiaozhensq/,4,4
m/minhang_huacao/,9,9
m/minhang_huacaosq/,2,1
m/minhang_jinhongqiao/,4,4
m/minhang_laominhang/,2,2
m/minhang_longbojinhui/,4,4
m/minhang_meilong/,3,3
m/minhang_minhanghongqiao/,22,21
m/minhang_minhangqita/,10,10
m/minhang_nanfangshangcheng/,5,5
m/minhang_nanfangshangchengsq/,1,1
m/minhang_pujiang/,10,10
m/minhang_pujiangsq/,10,8
m/minhang_qibao/,12,12
m/minhang_qibaosq/,83,80
m/minhang_qishenlu/,9,9
m/minhang_qixinlusq/,2,2
m/minhang_shenzhuang/,26,26
m/minhang_wujing/,6,6
m/minhang_xinzhuangsq/,33,32
m/minhang_zhuanqiao/,20,19
m/minhang_zqlmhsq/,6,6
m/nanhui/,1,1
m/nanhui_kangqiao/,7,7
m/nanhui_zhoupu/,1,1
m/nanhui_zhoupusq/,24,21
m/nanshan/,153,151
m/nanshan_baishizhou/,6,6
m/nanshan_dachong/,4,4
m/nanshan_houhai/,21,21
m/nanshan_houhaisq/,6,6
m/nanshan_huaqiaocheng/,7,7
m/nanshan_huaqiaochengsq/,4,4
m/nanshan_kejiyuan/,137,135
m/nanshan_nanshankejiyuansq/,9,8
m/nanshan_nanshanqita/,3,3
m/nanshan_nanshanzhongxinqusq/,4,4
m/nanshan_nantou/,54,53
m/nanshan_nantousq/,1,1
m/nanshan_nanyou/,40,38
m/nanshan_qianhai/,31,30
m/nanshan_qianhaisq/,9,9
m/nanshan_shekou/,20,20
m/nanshan_shekousq/,9,9
m/nanshan_shendabeimen/,4,4
m/nanshan_taoyuancun/,1,1
m/nanshan_xili/,47,46
m/nanshan_xilisq/,3,3
m/nb/,4,4
m/nj/,8,8
m/nn/,6,6
m/pudong/,30,30
m/pudongxinqu/,121,120
m/pudongxinqu/au/,1,1
m/pudongxinqu_babaiban/,29,29
m/pudongxinqu_babaibansq/,27,27
m/pudongxinqu_bctqsq/,9,8
m/pudongxinqu_beicai/,9,8
m/pudongxinqu_caolu/,4,4
m/pudongxinqu_chuanshasq/,5,5
m/pudongxinqu_dongfangluditie/,1,1
m/pudongxinqu_dongminglu/,1,1
m/pudongxinqu_gaohang/,3,3
m/pudongxinqu_huamu/,4,4
m/pudongxinqu_jinqiao/,49,47
m/pudongxinqu_lianyang/,10,9
m/pudongxinqu_longyangluditiezhan/,8,8
m/pudongxinqu_lujiazui/,67,67
m/pudongxinqu_lujiazuisq/,43,40
m/pudongxinqu_nanmatou/,1,1
m/pudongxinqu_pudongshibobinjiang/,10,10
m/pudongxinqu_pudongwaihuan/,1,1
m/pudongxinqu_pudongxinquqita/,2,2
m/pudongxinqu_sanlin/,6,6
m/pudongxinqu_sanlinsq/,146,144
m/pudongxinqu_shanggangxincun/,4,4
m/pudongxinqu_shangnanxincun/,4,4
m/pudongxinqu_shijidadao/,5,5
m/pudongxinqu_shijigongyuan/,4,3
m/pudongxinqu_shijigongyuansq/,2,2
m/pudongxinqu_tangqiao/,5,5
m/pudongxinqu_waigaoqiao/,7,6
m/pudongxinqu_waigaoqiaosq/,9,9
m/pudongxinqu_yangjing/,4,4
m/pudongxinqu_yuanshenzhuyuan/,5,4
m/pudongxinqu_yuqiao/,2,2
m/pudongxinqu_yuqiaosq/,1,1
m/pudongxinqu_zhangjiang/,102,100
m/pudongxinqu_zhangjianggaokesq/,6,6
m/pudongxinqu_zhuyuanshangmaoqu/,16,16
m/putuo/,18,18
m/putuo/au/,3,3
m/putuo/d/,6,6
m/putuo_caoyangxincun/,44,42
m/putuo_changshoulusq/,1,1
m/putuo_changzheng/,3,3
m/putuo_ganquanlu/,2,2
m/putuo_guangxin/,1,1
m/putuo_huashida/,3,3
m/putuo_jinshajianglu/,18,18
m/putuo_putuoqita/,6,6
m/putuo_shiquanlu/,1,1
m/putuo_taopu/,21,21
m/putuo_wanlicheng/,1,1
m/putuo_wuninglu/,5,5
m/putuo_yichuanlu/,1,1
m/putuo_zhangfengxincun/,34,34
m/putuo_zhangshoulu/,35,35
m/putuo_zhenru/,14,14
m/putuo_zhongshanbeilu/,1,1
m/putuo_zhongshanbeilusq/,24,22
m/putuo_zhongyuanliangwancheng/,2,2
m/putuo_zrlzysq/,2,2
m/qd/,6,6
m/qingpu/,24,22
m/qingpu_huaxinzhen/,9,9
m/qingpu_qingpugongyeyuanqu/,2,2
m/qingpu_qingpusq/,34,32
m/qingpu_qingpuxincheng/,2,2
m/qingpu_qingpuzhoubian/,3,3
m/qingpu_xiayangjiedao/,6,6
m/qingpu_xujing/,17,17
m/qingpu_zhaoxiang/,10,10
m/qingpu_zhonggu/,2,2
m/qingyang/,3,3
m/qingyang_babaojiesq/,3,3
m/qingyang_beisensq/,2,2
m/qingyang_jinshasq/,3,3
m/qingyang_neiguanghuasq/,17,16
m/qingyang_shunchengjiesq/,1,1
m/qingyang_tonghuimensq/,10,8
m/shangcheng/,1,1
m/shanghaizhoubian_kunshan/,12,12
m/shijingshan/,60,57
m/shijingshan_badachu/,6,6
m/shijingshan_bajiao/,7,7
m/shijingshan_bajiaosq/,1,1
m/shijingshan_pingguoyuansq/,3,3
m/shijingshan_yangzhuangsq/,1,1
m/shijingshan_yuquanlu/,1,1
m/shunyi/,83,83
m/shunyi/b/,1,1
m/shunyi_jichang/,2,2
m/shunyi_shengli/,1,1
m/shunyi_shunyichengqu/,10,9
m/shunyi_shunyisq/,8,8
m/shunyi_tianzhu/,2,2
m/sjz/,8,8
m/songjiang/,50,49
m/songjiang/au/,2,2
m/songjiang_fangsong/,1,1
m/songjiang_jiuting/,15,15
m/songjiang_jtxqsq/,94,83
m/songjiang_sijing/,19,18
m/songjiang_sijingsq/,7,6
m/songjiang_sjxcsjdxcsq/,18,15
m/songjiang_songjiangdaxuecheng/,2,2
m/songjiang_songjianglaocheng/,10,10
m/songjiang_songjiangqita/,1,1
m/songjiang_songjiangxincheng/,5,5
m/songjiang_xinqiao/,13,13
m/songjiang_yongfeng/,1,1
m/songjiang_zhongshan/,15,14
m/sy/,9,9
m/tianhe/,39,39
m/tianhe_dongpu/,2,2
m/tianhe_guangzhoudadaozhong/,3,3
m/tianhe_huajingxincheng/,5,5
m/tianhe_shipai/,3,3
m/tianhe_tangxia/,11,11
m/tianhe_thbtyzxsq/,1,1
m/tianhe_tianhebei/,18,16
m/tianhe_tianhekeyunzhan/,2,2
m/tianhe_tiyuxilu/,1,1
m/tianhe_tiyuzhongxin/,2,2
m/tianhe_wushan/,1,1
m/tianhe_yuancun/,5,5
m/tianhe_zhujiangxincheng/,16,16
m/tianhe_zhujiangxinchengsq/,15,15
m/tongzhou/,103,94
m/tongzhou_chaoyangbeiyuan/,4,4
m/tongzhou_guoyuan/,2,2
m/tongzhou_jiukeshu/,5,5
m/tongzhou_liyuan/,4,3
m/tongzhou_majuqiao/,2,2
m/tongzhou_tongzhoubeiyuan/,10,10
m/tongzhou_tongzhouqita/,6,6
m/tongzhou_tuqiao/,2,2
m/tongzhou_tuqiaosq/,3,3
m/tongzhou_xinhuadajie/,5,5
m/tongzhou_xinhuadajiesq/,1,1
m/tongzhou_yunhedajie/,5,5
m/ty/,2,2
m/weituozhaofang/,21836,20795
m/wuchang/,32,31
m/wuchang_dingziqiao/,3,3
m/wuchang_dongtingsq/,2,2
m/wuchang_jiyuqiaosq/,5,5
m/wuchang_nanhuhuayuan/,1,1
m/wuchang_shuiguohu/,5,5
m/wuchang_wuchanghuochezhan/,1,1
m/wuchang_xudongsq/,17,17
m/wuchang_yangyuan/,2,2
m/wuchang_zhongbeilusq/,4,4
m/wuchang_zhongnanlusq/,2,2
m/wuhou/,12,12
m/wuhou_gaoshengqiaosq/,3,3
m/wuhou_hangkonglusq/,2,2
m/wuhou_hongpailousq/,4,4
m/wuhou_moziqiaosq/,1,1
m/wuhou_tongxinlinsq/,5,5
m/wuhou_waishuangnansq/,2,2
m/xiaoshan/,35,33
m/xicheng/,29,28
m/xicheng_chegongzhuang/,7,7
m/xicheng_deshengmen/,3,3
m/xicheng_fuchengmen/,4,4
m/xicheng_fuxingmensq/,1,1
m/xicheng_jinrongjie/,29,29
m/xicheng_jinrongjiesq/,14,14
m/xicheng_muxidi/,4,4
m/xicheng_nanlishilu/,8,8
m/xicheng_xichengqita/,9,9
m/xicheng_xichengxizhimen/,1,1
m/xicheng_xidan/,14,14
m/xicheng_xidansq/,1,1
m/xiezilou/,114,113
m/xihu/,5,5
m/xihu_xixisq/,6,6
m/xm/,6,6
m/xuanwu/,3,3
m/xuanwu_baizhifang/,3,3
m/xuanwu_guanganmen/,19,19
m/xuanwu_taoranting/,2,2
m/xuanwu_xuanwumen/,1,1
m/xuanwu_xuanwuyouanmen/,2,2
m/xuhui/,191,189
m/xuhui_caobaoluditie/,20,19
m/xuhui_caohejingsq/,21,19
m/xuhui_fenglinlu/,18,17
m/xuhui_fuxingzhonglu/,1,1
m/xuhui_hengshanlu/,2,2
m/xuhui_huaihaixilu/,4,4
m/xuhui_huajing/,3,3
m/xuhui_jianguoxilu/,5,5
m/xuhui_jiaoda/,8,8
m/xuhui_longhua/,42,42
m/xuhui_shanghainanzhan/,3,3
m/xuhui_shanghainanzhansq/,3,3
m/xuhui_shlonghuasq/,2,2
m/xuhui_tianlin/,1,1
m/xuhui_wantiguan/,45,45
m/xuhui_wantiguansq/,48,47
m/xuhui_xiangyangnanlu/,1,1
m/xuhui_xietulu/,14,14
m/xuhui_xuhuicaohejing/,22,22
m/xuhui_xuhuiqita/,1,1
m/xuhui_xujiahui/,41,41
m/xuhui_xujiahuisq/,11,11
m/xuhui_zhaojiabanglu/,8,8
m/xuhui_zhiwuyuan/,6,6
m/yangpu/,23,23
m/yangpu_anshan/,13,13
m/yangpu_dongwaitan/,30,29
m/yangpu_dongwaitansq/,28,26
m/yangpu_fudandaxue/,3,3
m/yangpu_huangxing/,10,10
m/yangpu_kongjianglu/,2,2
m/yangpu_pinglianglu/,47,46
m/yangpu_wujiaochang/,25,25
m/yangpu_wujiaochangsq/,14,13
m/yangpu_xinhuayiyuan/,5,5
m/yangpu_xinjiangwanchengsq/,5,5
m/yangpu_yangpuqita/,4,4
m/yangpu_yangpusipinglu/,1,1
m/yangpu_yangpusipinglusq/,3,3
m/yangpu_yangpuzhoujiazuilu/,4,4
m/yangpu_zhangyanglu/,7,7
m/yangpu_zhongyuan/,1,1
m/yangpu_zhongyuansq/,4,3
m/yantian_shatoujiao/,1,1
m/yantian_yantian/,8,8
m/yuexiu/,44,43
m/yuexiu_guangwei/,2,2
m/yuexiu_huanshidong/,1,1
m/yuexiu_jiefangbei/,1,1
m/yuexiu_liuhua/,4,4
m/yuexiu_renmin/,2,2
m/yuexiu_shuiyinlu/,1,1
m/yuexiu_yangqicun/,1,1
m/yuexiu_yanjianglusq/,1,1
m/yuexiu_yuexiuqita/,2,2
m/zhabei/,6,6
m/zhabei_baoshanlu/,10,10
m/zhabei_daninglu/,9,9
m/zhabei_dnyclsq/,10,10
m/zhabei_gonghexinlu/,17,17
m/zhabei_hetian/,6,5
m/zhabei_huochenzhansq/,2,2
m/zhabei_laobeizhan/,1,1
m/zhabei_pengpusq/,1,1
m/zhabei_tianmuxilu/,19,19
m/zhabei_wenshuilu/,19,18
m/zhabei_wslghxlsq/,1,1
m/zhabei_xinkezhan/,4,3
m/zhabei_xizangbeilu/,5,5
m/zhabei_zhabeiqita/,1,1
m/zhabei_zhijiangxilu/,4,4
m/zuxiezilou/,19965,19198
m/zuxiezilou/a/,162,160
m/zuxiezilou/au/,66,65
m/zuxiezilou/azx/,1,1
m/zuxiezilou/b/,113,112
m/zuxiezilou/bd/,1,1
m/zuxiezilou/d/,57,56
m/zuxiezilou/i/,17,17
m/zuxiezilou/p/,96,94
m/zuxiezilou/subway/,63,62
m/zuxiezilou/subway_/,607,580
m/zuxiezilou/subwayb/,12,12
m/zuxiezilou/t/,12,11
m/zuxiezilou/zx/,82,80
m/zz/,31,31
m_gxbg_/,10,10
m_sxzl_/,1130,1084
m_xzl_,1,1
m_xzl_/,32865,31000
muc/,3,3
mucssport/login,214,210
mzlzhuanti_distrii/,157,147
ucssport/login,675,668
www/,12355,11994
www/a/,5,5
www/baoan/,103,103
www/baoan_baoanqita/,75,75
www/baoan_baoanzhongxinqu/,8,8
www/baoan_baoanzhongxinqusq/,3,3
www/baoan_fanshenlu/,6,5
www/baoan_fuyong/,13,13
www/baoan_fuyongsq/,13,11
www/baoan_gongming/,16,15
www/baoan_guanlan/,63,62
www/baoan_longhuasq/,57,57
www/baoan_shajing/,21,21
www/baoan_shajingsq/,35,32
www/baoan_shiyan/,17,16
www/baoan_songgang/,16,16
www/baoan_xinan/,40,38
www/baoan_xinansq/,8,7
www/baoan_xinzhongxinqu/,14,13
www/baoan_xixiang/,86,85
www/baoan_xixiangsq/,14,14
www/baoshan/,13,13
www/baoshan/au/,1,1
www/baoshan_baoshanqita/,3,3
www/baoshan_dachang/,5,5
www/baoshan_dahua/,18,18
www/baoshan_dahuasq/,1,1
www/baoshan_gaojing/,3,3
www/baoshan_gongfu/,2,2
www/baoshan_gongfusq/,15,15
www/baoshan_gongkang/,4,4
www/baoshan_gongkangsq/,3,3
www/baoshan_gucun/,12,12
www/baoshan_gucunsq/,1,1
www/baoshan_luodian/,3,3
www/baoshan_luonan/,1,1
www/baoshan_shangda/,1,1
www/baoshan_shuichanlu/,3,3
www/baoshan_songbao/,1,1
www/baoshan_songnan/,39,39
www/baoshan_wusong/,10,10
www/baoshan_yanghang/,5,5
www/baoshan_yuepu/,5,5
www/baoshan_zhangmiao/,12,12
www/binjiang/,66,66
www/binjiang_changhesq/,17,17
www/binjiang_quzhengfusq/,23,23
www/binjiang_xixing/,1,1
www/changning/,45,45
www/changning/b/,1,1
www/changning_beixinjing/,10,9
www/changning_changninghongqiao/,87,84
www/changning_changningqita/,2,2
www/changning_chengjiaqiao/,2,2
www/changning_dongwuyuan/,7,7
www/changning_gubei/,17,17
www/changning_hongqiaohuochezhan/,22,20
www/changning_hongqiaohuochezhansq/,14,14
www/changning_hqkfqgbsq/,4,4
www/changning_jiangsulu/,3,3
www/changning_jiangsuluditie/,2,2
www/changning_tianshanlu/,14,13
www/changning_tianshanlusq/,1,1
www/changning_xianxiaxincun/,3,3
www/changning_xinhualu/,20,19
www/changning_yananxilusq/,2,2
www/changning_zhenninglu/,15,15
www/changning_zhongshangongyuan/,50,50
www/changning_zhongshangongyuansq/,23,23
www/changping/,45,42
www/changping_beiqijia/,20,19
www/changping_changpingqita/,1,1
www/changping_changpingxiancheng/,7,7
www/changping_huilongguan/,11,10
www/changping_huilongguansq/,7,7
www/changping_huoying/,3,3
www/changping_lishuiqiao/,3,2
www/changping_lishuiqiaosq/,4,4
www/changping_longze/,1,1
www/changping_shahe/,7,7
www/changping_shahesq/,5,5
www/changping_tiantongyuan/,14,14
www/changping_xiaotangshan/,7,7
www/chaoyang/,366,362
www/chaoyang/a/,16,16
www/chaoyang/d/,1,1
www/chaoyang/s/,5,5
www/chaoyang_CBD/,43,43
www/chaoyang_anhuiqiao/,2,2
www/chaoyang_anzhen/,3,3
www/chaoyang_anzhensq/,1,1
www/chaoyang_aoyuncun/,1,1
www/chaoyang_baiziwan/,6,6
www/chaoyang_baiziwansq/,3,3
www/chaoyang_balizhuang/,13,6
www/chaoyang_beishatan/,1,1
www/chaoyang_beiyuansq/,6,6
www/chaoyang_cbdgmsq/,198,197
www/chaoyang_cbdgmsq/d/,4,4
www/chaoyang_changying/,1,1
www/chaoyang_changyingsq/,6,6
www/chaoyang_chaoqingbankuai/,1,1
www/chaoyang_chaowai/,6,6
www/chaoyang_chaowaidajiesq/,1,1
www/chaoyang_chaoyangbeiyuan/,17,17
www/chaoyang_chaoyanggongyuan/,6,6
www/chaoyang_chaoyangqita/,7,7
www/chaoyang_chaoyangshilipu/,1,1
www/chaoyang_chaoyangxiaoying/,1,1
www/chaoyang_cysshsq/,5,5
www/chaoyang_dashanzi/,1,1
www/chaoyang_datun/,1,1
www/chaoyang_dawanglusq/,8,8
www/chaoyang_dingfuzhuang/,1,1
www/chaoyang_dongdaqiao/,2,2
www/chaoyang_gaobeidian/,6,6
www/chaoyang_gaobeidiansq/,4,4
www/chaoyang_gongti/,5,5
www/chaoyang_guanzhuang/,2,2
www/chaoyang_guomao/,47,46
www/chaoyang_guomaosq/,5,5
www/chaoyang_hepingjie/,8,8
www/chaoyang_hongmiao/,1,1
www/chaoyang_huixinxijie/,13,13
www/chaoyang_hujialou/,11,10
www/chaoyang_jianwaidajie/,5,5
www/chaoyang_jingsong/,5,5
www/chaoyang_jiuxianqiao/,13,13
www/chaoyang_jiuxianqiaosq/,2,2
www/chaoyang_laiguangying/,4,4
www/chaoyang_laiguangyingsq/,4,4
www/chaoyang_liufang/,1,1
www/chaoyang_meiticun/,6,6
www/chaoyang_panjiayuan/,3,3
www/chaoyang_sanlitunsq/,5,5
www/chaoyang_sanyuanqiao/,9,9
www/chaoyang_sanyuanqiaosq/,4,4
www/chaoyang_shaoyaoju/,4,4
www/chaoyang_shibalidian/,1,1
www/chaoyang_shifoying/,2,2
www/chaoyang_shilihe/,7,7
www/chaoyang_shilihesq/,1,1
www/chaoyang_shuangjing/,9,9
www/chaoyang_shuangjingsq/,1,1
www/chaoyang_shuangqiao/,5,5
www/chaoyang_shuangqiaosq/,6,6
www/chaoyang_sihui/,28,28
www/chaoyang_sihuisq/,2,2
www/chaoyang_sjjssq/,3,3
www/chaoyang_taiyanggong/,4,4
www/chaoyang_taiyanggongsq/,4,3
www/chaoyang_tianshuiyuan/,1,1
www/chaoyang_tuanjiehu/,10,10
www/chaoyang_wangjing/,109,108
www/chaoyang_wangjing/a/,10,10
www/chaoyang_wangjing/b/,10,10
www/chaoyang_wangjingsq/,227,225
www/chaoyang_xidawanglu/,22,22
www/chaoyang_yansha/,4,4
www/chaoyang_yanshasq/,3,3
www/chaoyang_yaojiayuan/,6,6
www/chaoyang_yayuncun/,21,21
www/chaoyang_yayuncunsq/,4,4
www/chaoyang_yonganli/,3,3
www/chaoyang_zuojiazhuang/,2,2
www/chenghua/,3,3
www/chenghua_dongkezhansq/,11,11
www/chenghua_jianshelusq/,1,1
www/chenghua_longtansisq/,1,1
www/chenghua_simaqiaosq/,1,1
www/chenghua_wannianchangsq/,2,2
www/chenghua_yushuanglusq/,2,2
www/chongwen/,1,1
www/daxing/,103,101
www/daxing_daxingqita/,8,8
www/daxing_gaomidian/,22,20
www/daxing_huangcun/,3,3
www/daxing_huangcunsq/,4,4
www/daxing_shengwuyiyaojidi/,2,2
www/daxing_xihongmen/,2,2
www/daxing_xihongmensq/,3,3
www/daxing_xinghuadajie/,5,5
www/daxing_xingyedajie/,9,9
www/daxing_yinghaizhen/,11,11
www/daxing_yizhuang/,65,60
www/daxing_yizhuangsq/,19,19
www/dongcheng/,50,50
www/dongcheng_andingmen/,4,4
www/dongcheng_beijingzhan/,1,1
www/dongcheng_beixinqiao/,1,1
www/dongcheng_chaoyangmen/,9,9
www/dongcheng_chaoyangmensq/,3,3
www/dongcheng_dengshikou/,1,1
www/dongcheng_dongchengqita/,6,6
www/dongcheng_dongdan/,5,5
www/dongcheng_dongsi/,3,3
www/dongcheng_dongsishitiao/,13,13
www/dongcheng_dongsishitiaosq/,1,1
www/dongcheng_dongzhimen/,2,2
www/dongcheng_dongzhimensq/,2,2
www/dongcheng_dongzhimenwai/,1,1
www/dongcheng_gulou/,1,1
www/dongcheng_hepingli/,2,2
www/dongcheng_jianguomen/,4,4
www/dongcheng_jianguomensq/,1,1
www/dongcheng_jiaodaokou/,1,1
www/dongcheng_wangfujing/,2,2
www/dongcheng_wangfujingsq/,6,6
www/dongcheng_yonghegong/,9,9
www/fangshan_changyang/,7,7
www/fangshan_fangshanqita/,1,1
www/fangshan_liangxiang/,1,1
www/fanyu/,4,4
www/fengtai/,215,211
www/fengtai_beidadi/,1,1
www/fengtai_caihuying/,3,3
www/fengtai_caoqiao/,1,1
www/fengtai_changxindian/,2,2
www/fengtai_fangzhuang/,8,8
www/fengtai_fengtailu/,1,1
www/fengtai_fengtaiyouanmen/,1,1
www/fengtai_heyi/,10,10
www/fengtai_huaxiang/,3,3
www/fengtai_jiaomen/,3,3
www/fengtai_kefengqiao/,1,1
www/fengtai_kejiyuanqu/,19,19
www/fengtai_kejiyuanqusq/,3,3
www/fengtai_lianhuashi/,5,5
www/fengtai_liujiayao/,2,2
www/fengtai_liujiayaosq/,2,2
www/fengtai_liuliqiao/,1,1
www/fengtai_liuliqiaosq/,5,5
www/fengtai_lizeqiao/,5,5
www/fengtai_lizeqiaosq/,2,2
www/fengtai_majiabao/,15,15
www/fengtai_majiapusq/,2,2
www/fengtai_muxiyuan/,11,11
www/fengtai_qilizhuang/,6,6
www/fengtai_qingta/,4,4
www/fengtai_songjiazhuang/,4,4
www/fengtai_songjiazhuangsq/,1,1
www/fengtai_wulidian/,1,1
www/fengtai_xiluoyuan/,1,1
www/fengtai_yangqiao/,3,3
www/fengtai_yuegezhuang/,3,3
www/fengtai_yuquanying/,7,7
www/fengtai_yuquanyingsq/,2,2
www/fengtai_zongbujidi/,36,35
www/fengtai_zongbujidisq/,27,27
www/fengxian/,2,2
www/fengxian_nanqiao/,1,1
www/fengxian_nanqiaosq/,1,1
www/futian/,167,166
www/futian/d/,1,1
www/futian_bagualing/,16,16
www/futian_bagualingsq/,17,15
www/futian_baoshuiqu/,3,3
www/futian_baoshuiqusq/,2,2
www/futian_bijiashan/,2,2
www/futian_caitiancun/,3,3
www/futian_chegongmiao/,21,20
www/futian_chegongmiaosq/,7,7
www/futian_fuhuaxincun/,16,16
www/futian_fuminxincun/,5,5
www/futian_futiankouan/,3,3
www/futian_futianzhongxinqu/,56,55
www/futian_futianzhongxinqusq/,9,9
www/futian_gangsha/,18,18
www/futian_gouwugongyuan/,47,43
www/futian_huanggang/,4,4
www/futian_huanggangsq/,2,2
www/futian_huaqiangbei/,114,111
www/futian_huaqiangnan/,13,13
www/futian_huaqiangsq/,4,4
www/futian_jingtian/,20,20
www/futian_jingtiansq/,3,3
www/futian_lianhuabeicun/,3,3
www/futian_meilinsq/,5,5
www/futian_shangbu/,27,27
www/futian_shangmeilin/,29,29
www/futian_shawei/,6,6
www/futian_shazui/,2,2
www/futian_shisha/,2,2
www/futian_xiangmihu/,61,58
www/futian_xiasha/,7,7
www/futian_xinzhou/,10,10
www/futian_yuanling/,4,4
www/futian_zhuzilin/,22,20
www/futian_zhuzilinsq/,1,1
www/gaoxin/,87,84
www/gaoxin_fuhuayuansq/,2,2
www/gaoxin_jinrongchengsq/,1,1
www/gaoxin_lixiangzhongxinsq/,8,8
www/gaoxin_meinianguangchangsq/,7,7
www/gaoxin_tianfuchangchengsq/,8,8
www/gaoxin_tianfuruanjianyuansq/,4,4
www/gaoxin_tianfusanjiesq/,2,2
www/gaoxin_tianfusijiesq/,1,1
www/gaoxin_tianfuyijiesq/,1,1
www/gaoxinxiqu/,1,1
www/gongshu/,18,18
www/haidian/,369,364
www/haidian/b/,2,2
www/haidian_anningzhuang/,8,8
www/haidian_baishiqiao/,7,6
www/haidian_beidaqinghua/,4,4
www/haidian_beitaipingzhuang/,13,13
www/haidian_beiwalu/,2,2
www/haidian_changwa/,2,2
www/haidian_chedaogou/,2,2
www/haidian_dazhongsi/,7,7
www/haidian_dazhongsisq/,2,2
www/haidian_dinghuisi/,1,1
www/haidian_gongzhufen/,5,5
www/haidian_gongzhufensq/,3,3
www/haidian_haidianganjiakou/,2,2
www/haidian_haidianqita/,3,3
www/haidian_haidianxizhimen/,5,5
www/haidian_haidianyuquanlu/,1,1
www/haidian_hangtianqiao/,6,6
www/haidian_huayuanqiao/,2,2
www/haidian_jiaotongdaxue/,2,2
www/haidian_jimenqiaosq/,3,1
www/haidian_jingouhe/,1,1
www/haidian_lianxiangqiao/,7,7
www/haidian_madian/,4,4
www/haidian_madiansq/,4,4
www/haidian_malianwa/,4,4
www/haidian_mudanyuan/,7,7
www/haidian_mudanyuansq/,3,3
www/haidian_qinghe/,8,8
www/haidian_qinghesq/,6,6
www/haidian_renmindaxue/,5,5
www/haidian_shangdi/,43,43
www/haidian_shangdisq/,26,26
www/haidian_shijicheng/,2,2
www/haidian_sijiqing/,20,20
www/haidian_sijiqingsq/,1,1
www/haidian_suzhoujie/,6,6
www/haidian_suzhouqiao/,3,3
www/haidian_tiancun/,2,2
www/haidian_wanliu/,12,12
www/haidian_wanquanhe/,1,1
www/haidian_wanshoulu/,6,6
www/haidian_weigongcun/,2,2
www/haidian_wudaokou/,12,12
www/haidian_wudaokousq/,6,6
www/haidian_wukesong/,3,3
www/haidian_wuluju/,14,13
www/haidian_xiangshan/,2,2
www/haidian_xibeiwang/,11,11
www/haidian_xierqi/,2,2
www/haidian_xisanqi/,9,9
www/haidian_xisanqisq/,2,2
www/haidian_xueyuanlu/,9,9
www/haidian_zengguanglu/,9,8
www/haidian_zhichunlu/,21,21
www/haidian_zhongguancun/,79,79
www/haidian_zhongguancunsq/,225,218
www/haidian_zizhuqiao/,18,18
www/haidian_zizhuqiaosq/,1,1
www/haizhu/,7,7
www/hongkou/,161,156
www/hongkou_beiwaitan/,31,31
www/hongkou_beiwaitansq/,2,2
www/hongkou_dabaishu/,12,11
www/hongkou_guangzhonglu/,10,10
www/hongkou_hepinggongyuan/,1,1
www/hongkou_hongkouqita/,1,1
www/hongkou_hongkousipinglu/,13,13
www/hongkou_hongkouzhoujiazuilu/,2,2
www/hongkou_hongkouzuqiuchang/,9,9
www/hongkou_jiangwan/,2,2
www/hongkou_lclhkzqcsq/,1,1
www/hongkou_liangchengxincun/,5,5
www/hongkou_linpinglu/,6,5
www/hongkou_lphpgysq/,17,15
www/hongkou_luxungongyuan/,3,3
www/hongkou_quyanglu/,9,9
www/hongkou_sichuanbeilu/,21,21
www/hongkou_sichuanbeilusq/,2,2
www/hongkou_tilanqiao/,18,17
www/hongshan/,26,25
www/hongshan/b/,11,11
www/hongshan_guanggusq/,65,63
www/hongshan_guanshan/,4,4
www/hongshan_guanshansq/,2,2
www/hongshan_jiedaokousq/,1,1
www/hongshan_luoshilu/,2,2
www/hongshan_luoshinanlu/,2,2
www/hongshan_ruanjianyuan/,1,1
www/hongshan_xudongdajie/,4,4
www/huangpu/,73,69
www/huangpu/b/,1,1
www/huangpu_chenghuangmiao/,1,1
www/huangpu_dongjiadu/,9,9
www/huangpu_huangpubinjiang/,1,1
www/huangpu_huangpuqita/,4,4
www/huangpu_laoximen/,18,17
www/huangpu_nanjingdonglu/,27,27
www/huangpu_nanjingdonglusq/,4,4
www/huangpu_nanwaitan/,2,2
www/huangpu_renminguangchang/,31,30
www/huangpu_renminguangchangsq/,23,20
www/huangpu_waitan/,27,27
www/huangpu_waitansq/,6,6
www/huangpu_yuyuan/,6,6
www/jiading/,18,17
www/jiading_anting/,8,8
www/jiading_antingsq/,5,5
www/jiading_fengzhuang/,13,13
www/jiading_fengzhuangsq/,29,29
www/jiading_huangdu/,5,5
www/jiading_jiading/,5,5
www/jiading_jiadingchengqusq/,13,13
www/jiading_jiadingxincheng/,5,5
www/jiading_jiadingzhen/,9,9
www/jiading_jiangqiao/,7,6
www/jiading_jiangqiaosq/,9,9
www/jiading_malu/,5,5
www/jiading_nanxiang/,17,17
www/jiading_nanxiangsq/,11,11
www/jiading_xincheng/,28,28
www/jiangan/,1,1
www/jianggan/,38,36
www/jianggan_huochedongzhansq/,2,2
www/jianggan_qianjiangxinchnegsq/,12,12
www/jianghan/,8,8
www/jiangxia/,12,12
www/jiangxia_donghugaoxin/,2,2
www/jiangxia_donghugaoxinqusq/,16,15
www/jingan/,13,13
www/jingan_beijingxilu/,3,3
www/jingan_beijingxilusq/,16,16
www/jingan_caojiadu/,6,6
www/jingan_changpinglu/,3,3
www/jingan_jiangninglu/,31,31
www/jingan_jinganqita/,1,1
www/jingan_jingansi/,25,25
www/jingan_jingansisq/,1,1
www/jingan_nanjingxilu/,45,45
www/jingan_njxljnlsq/,4,4
www/jingan_xikanglu/,3,3
www/jingan_xinzhalu/,2,2
www/jinjiang/,26,26
www/jinjiang_chunxilusq/,7,7
www/jinjiang_hejiangtingsq/,4,4
www/jinjiang_hjsnsksq/,1,1
www/jinjiang_hongxinglusq/,1,1
www/jinjiang_jiuyanqiaosq/,8,7
www/jinjiang_sichuanshidasq/,1,1
www/jinjiang_yanshikousq/,2,2
www/jinniu/,9,9
www/jinniu_chadianzisq/,5,5
www/jinniu_jinniuwandasq/,4,4
www/jinniu_liangjiawansq/,1,1
www/jinniu_yingmenkousq/,4,4
www/jinniu_yipintianxiasq/,4,4
www/liwan/,2,2
www/longgang/,87,84
www/longgang_bantian/,95,95
www/longgang_bantiansq/,29,28
www/longgang_buji/,44,44
www/longgang_bujiguan/,5,5
www/longgang_bujisq/,9,9
www/longgang_dafencun/,20,20
www/longgang_henggang/,46,44
www/longgang_henggangsq/,7,7
www/longgang_kangqiao/,3,3
www/longgang_longgangqita/,4,4
www/longgang_longgangzhongxincheng/,142,141
www/longgang_longgangzhongxinchengsq/,4,4
www/longgang_pingdisq/,4,3
www/longgang_pinghu/,12,12
www/longgang_pinghusq/,13,13
www/longhuaxinqu/,142,141
www/longhuaxinqu_dalang/,19,19
www/longhuaxinqu_dalangsq/,5,4
www/longhuaxinqu_guanlansq/,12,12
www/longhuaxinqu_longhuaxinquguanlan/,14,14
www/longhuaxinqu_longhuaxinqujinxiujiangnan/,5,5
www/longhuaxinqu_longhuaxinqulonghua/,71,71
www/longhuaxinqu_longhuaxinqulonghuasq/,2,2
www/longhuaxinqu_longhuaxinqumeilihuayuan/,4,4
www/longhuaxinqu_longhuaxinqumeilinguankou/,2,2
www/longhuaxinqu_longhuaxinquminzhi/,64,62
www/longhuaxinqu_longhuaxinquqita/,3,3
www/longhuaxinqu_minzhisq/,16,15
www/luogang/,3,3
www/luohu/,95,93
www/luohu_buxin/,17,17
www/luohu_caiwuweisq/,1,1
www/luohu_caobu/,2,2
www/luohu_cuizhu/,10,10
www/luohu_donghu/,9,9
www/luohu_dongmen/,38,37
www/luohu_dongmensq/,2,2
www/luohu_guomao/,46,45
www/luohu_honghu/,20,20
www/luohu_huangbeiling/,15,15
www/luohu_huochezhan/,4,4
www/luohu_liantangsq/,10,9
www/luohu_liuyibu/,1,1
www/luohu_luohuqita/,12,11
www/luohu_luohuquwei/,9,9
www/luohu_nigang/,1,1
www/luohu_qingshuihe/,5,5
www/luohu_renminnan/,19,19
www/luohu_shuibei/,29,29
www/luohu_sungang/,46,45
www/luohu_sungangsq/,7,7
www/luohu_tianbei/,11,11
www/luohu_wenjin/,5,5
www/luohu_wenjindu/,25,25
www/luohu_yinhu/,1,1
www/luwan/,56,55
www/luwan_dapuqiao/,36,35
www/luwan_fuxinggongyuan/,4,4
www/luwan_huaihailu/,4,4
www/luwan_huaihaizhonglu/,8,8
www/luwan_huaihaizhonglusq/,2,2
www/luwan_lubanlu/,1,1
www/luwan_luwanshibobinjiang/,1,1
www/luwan_wlqlblsq/,2,2
www/luwan_wuliqiao/,9,9
www/luwan_xintiande/,8,8
www/luwan_xintiandisq/,2,2
www/mentougou_chengzijiedao/,4,4
www/mentougou_dayu/,1,1
www/mentougou_yongding/,1,1
www/minhang/,146,141
www/minhang/b/,1,1
www/minhang_caobaolu/,15,13
www/minhang_chunshen/,5,5
www/minhang_gumeiluoyang/,20,19
www/minhang_huacao/,28,27
www/minhang_huacaosq/,1,1
www/minhang_jinhongqiao/,7,7
www/minhang_laominhang/,12,12
www/minhang_longbojinhui/,3,3
www/minhang_meilong/,3,3
www/minhang_minhanghongqiao/,54,52
www/minhang_minhangqita/,9,9
www/minhang_minhangqitasq/,5,4
www/minhang_minxingshenzhuanggongyequ/,3,3
www/minhang_nanfangshangcheng/,6,6
www/minhang_nanfangshangchengsq/,4,4
www/minhang_pujiang/,17,17
www/minhang_pujiangsq/,5,5
www/minhang_qibao/,9,9
www/minhang_qibaosq/,44,43
www/minhang_qishenlu/,28,28
www/minhang_qixinlusq/,3,2
www/minhang_shenzhuang/,24,24
www/minhang_wujing/,5,4
www/minhang_xinzhuangsq/,15,15
www/minhang_zhuanqiao/,27,26
www/nanhui_hangtou/,1,1
www/nanhui_kangqiao/,4,4
www/nanhui_zhoupu/,3,3
www/nanhui_zhoupusq/,10,10
www/nanshan/,252,234
www/nanshan_baishizhou/,8,8
www/nanshan_dachong/,5,5
www/nanshan_houhai/,50,50
www/nanshan_houhaisq/,6,6
www/nanshan_huaqiaocheng/,19,17
www/nanshan_huaqiaochengsq/,8,8
www/nanshan_kejiyuan/,209,206
www/nanshan_nanshankejiyuansq/,11,11
www/nanshan_nanshanqita/,4,4
www/nanshan_nantou/,85,85
www/nanshan_nantousq/,1,1
www/nanshan_nanyou/,29,29
www/nanshan_qianhai/,33,32
www/nanshan_qianhaisq/,15,15
www/nanshan_shekou/,44,41
www/nanshan_shekousq/,11,11
www/nanshan_shendabeimen/,15,15
www/nanshan_shenzhenwan/,5,4
www/nanshan_taoyuancun/,4,4
www/nanshan_xili/,41,40
www/nanshan_xilisq/,8,8
www/nanshan_zhongxinquns/,3,3
www/pudongxinqu/,243,241
www/pudongxinqu_babaiban/,22,22
www/pudongxinqu_babaibansq/,2,2
www/pudongxinqu_bctqsq/,1,1
www/pudongxinqu_beicai/,17,17
www/pudongxinqu_caolu/,100,96
www/pudongxinqu_chuansha/,3,3
www/pudongxinqu_chuanshasq/,6,6
www/pudongxinqu_dongchangzhanditie/,6,6
www/pudongxinqu_dongfangluditie/,1,1
www/pudongxinqu_dongminglu/,5,5
www/pudongxinqu_gaohang/,2,2
www/pudongxinqu_huamu/,3,3
www/pudongxinqu_jinqiao/,83,79
www/pudongxinqu_jinqiaokaifaqusq/,5,5
www/pudongxinqu_jinyangxincun/,1,1
www/pudongxinqu_lianyang/,3,3
www/pudongxinqu_longyangluditiezhan/,3,3
www/pudongxinqu_lujiazui/,99,94
www/pudongxinqu_lujiazuisq/,39,37
www/pudongxinqu_meiyuan/,2,2
www/pudongxinqu_nanmatou/,1,1
www/pudongxinqu_pudongshibobinjiang/,9,9
www/pudongxinqu_pudongwaihuan/,7,7
www/pudongxinqu_pudongxinquqita/,29,29
www/pudongxinqu_sanlin/,10,10
www/pudongxinqu_sanlinsq/,53,51
www/pudongxinqu_shanggangxincun/,2,2
www/pudongxinqu_shangnanxincun/,1,1
www/pudongxinqu_shijidadao/,6,6
www/pudongxinqu_shijigongyuan/,3,3
www/pudongxinqu_shijigongyuansq/,1,1
www/pudongxinqu_tangqiao/,23,23
www/pudongxinqu_waigaoqiao/,16,15
www/pudongxinqu_waigaoqiaosq/,5,5
www/pudongxinqu_yangjing/,20,20
www/pudongxinqu_yuanshenzhuyuan/,3,3
www/pudongxinqu_yuqiaosq/,2,2
www/pudongxinqu_zhangjiang/,92,90
www/pudongxinqu_zhangjianggaokesq/,2,2
www/pudongxinqu_zhoujiadu/,1,1
www/pudongxinqu_zhuyuanshangmaoqu/,6,6
www/pudongxinqu_zhuyuanshangmaoqusq/,1,1
www/putuo/,87,86
www/putuo/au/,2,2
www/putuo_caoyangxincun/,44,44
www/putuo_changzheng/,9,9
www/putuo_ganquanlu/,10,10
www/putuo_guangxin/,7,7
www/putuo_huashida/,3,3
www/putuo_jinshajianglu/,13,13
www/putuo_liziyuan/,3,3
www/putuo_putuoqita/,10,10
www/putuo_shiquanlu/,2,2
www/putuo_taopu/,19,19
www/putuo_wanlicheng/,1,1
www/putuo_wuninglu/,4,4
www/putuo_zhangfengxincun/,28,27
www/putuo_zhangshoulu/,46,42
www/putuo_zhenru/,22,22
www/putuo_zhongshanbeilusq/,14,14
www/putuo_zhongyuanliangwancheng/,24,21
www/putuo_zhongyuanliangwanchengsq/,4,4
www/putuo_zrlzysq/,5,4
www/qiaokou/,5,5
www/qingpu/,18,14
www/qingpu_huaxin/,2,2
www/qingpu_huaxinzhen/,9,9
www/qingpu_qingpugongyeyuanqu/,5,5
www/qingpu_qingpusq/,36,31
www/qingpu_qingpuxincheng/,6,6
www/qingpu_qingpuzhoubian/,5,5
www/qingpu_xujing/,16,16
www/qingpu_zhaoxiang/,4,4
www/qingpu_zhonggu/,1,1
www/qingyang/,12,12
www/qingyang_babaojiesq/,1,1
www/qingyang_beisensq/,2,2
www/qingyang_jinshasq/,5,5
www/qingyang_neiguanghuasq/,7,7
www/qingyang_shunchengjiesq/,6,6
www/qingyang_tonghuimensq/,6,6
www/shanghaizhoubian_kunshan/,11,11
www/shijingshan/,64,64
www/shijingshan_badachu/,19,18
www/shijingshan_bajiao/,11,11
www/shijingshan_gucheng/,9,8
www/shijingshan_lugu/,11,10
www/shijingshan_pingguoyuan/,1,1
www/shijingshan_pingguoyuansq/,1,1
www/shijingshan_shijingshanqita/,1,1
www/shijingshan_yangzhuang/,2,2
www/shijingshan_yongle/,1,1
www/shijingshan_yuquanlu/,1,1
www/shunyi/,81,80
www/shunyi/b/,1,1
www/shunyi_houshayu/,1,1
www/shunyi_jichang/,4,4
www/shunyi_nanfaxin/,4,4
www/shunyi_shengli/,1,1
www/shunyi_shiyuan/,1,1
www/shunyi_shunyisq/,77,77
www/shunyi_tianzhu/,2,2
www/shunyi_xinguozhan/,1,1
www/songjiang/,28,27
www/songjiang/au/,1,1
www/songjiang/b/,1,1
www/songjiang_fangsong/,1,1
www/songjiang_jiuting/,30,30
www/songjiang_jtxqsq/,42,42
www/songjiang_sijing/,19,19
www/songjiang_sijingsq/,3,3
www/songjiang_sjxcsjdxcsq/,3,3
www/songjiang_songjiangdaxuecheng/,11,11
www/songjiang_songjianglaocheng/,11,11
www/songjiang_songjiangqita/,1,1
www/songjiang_songjiangxincheng/,5,5
www/songjiang_xinqiao/,14,13
www/songjiang_yongfeng/,4,4
www/songjiang_zhongshan/,7,4
www/tianhe/,44,43
www/tianhe_gangding/,3,3
www/tianhe_liede/,1,1
www/tianhe_shipai/,1,1
www/tianhe_thbtyzxsq/,12,12
www/tianhe_tianhebei/,3,3
www/tianhe_tianhedonglu/,3,3
www/tianhe_tianhekeyunzhan/,5,5
www/tianhe_wushan/,2,2
www/tianhe_yuancun/,2,2
www/tianhe_yuancunsq/,1,1
www/tianhe_zhangxing/,1,1
www/tianhe_zhujiangxincheng/,2,2
www/tianhe_zhujiangxinchengsq/,50,48
www/tongzhou/,47,44
www/tongzhou_beiguan/,1,1
www/tongzhou_chaoyangbeiyuan/,1,1
www/tongzhou_jiukeshu/,16,15
www/tongzhou_liyuan/,3,3
www/tongzhou_liyuansq/,1,1
www/tongzhou_lucheng/,1,1
www/tongzhou_majuqiao/,6,6
www/tongzhou_tongzhoubeiyuan/,1,1
www/tongzhou_tongzhouqita/,18,18
www/tongzhou_tuqiao/,2,2
www/tongzhou_tuqiaosq/,2,2
www/tongzhou_xinhuadajie/,4,4
www/tongzhou_yunhedajie/,14,14
www/weituozhaofang/,4280,4240
www/wuchang/,34,33
www/wuchang_dingziqiao/,3,3
www/wuchang_jiyuqiaosq/,1,1
www/wuchang_shuiguohu/,2,2
www/wuchang_xudongsq/,16,16
www/wuchang_xujiapeng/,2,2
www/wuchang_yuejiazuisq/,1,1
www/wuchang_zhongbeilusq/,12,12
www/wuchang_zhongnanlusq/,1,1
www/wuhou/,26,25
www/wuhou_gaoshengqiaosq/,5,5
www/wuhou_hangkonglusq/,9,9
www/wuhou_hongpailousq/,1,1
www/wuhou_huochenanzhansq/,2,2
www/wuhou_jitouzhensq/,1,1
www/wuhou_kehuabeilusq/,1,1
www/wuhou_moziqiaosq/,1,1
www/wuhou_neishuangnansq/,1,1
www/wuhou_tongxinlinsq/,5,5
www/xiacheng/,2,2
www/xiaoshan/,84,78
www/xiaoshan_qianjiangshijichengsq/,8,8
www/xicheng/,22,21
www/xicheng_baiwanzhuang/,2,2
www/xicheng_deshengmen/,6,6
www/xicheng_deshengmensq/,1,1
www/xicheng_fuchengmen/,5,4
www/xicheng_guanyuan/,1,1
www/xicheng_jinrongjie/,16,15
www/xicheng_jinrongjiesq/,10,10
www/xicheng_muxidi/,2,2
www/xicheng_nanlishilu/,1,1
www/xicheng_sanlihe/,3,3
www/xicheng_xichenggulou/,1,1
www/xicheng_xichengmadian/,1,1
www/xicheng_xichengqita/,4,4
www/xicheng_xichengxizhimen/,4,4
www/xicheng_xidan/,3,3
www/xicheng_xinjiekou/,3,3
www/xicheng_xizhimensq/,2,2
www/xicheng_yuetan/,1,1
www/xiezilou/,989,944
www/xigan_qianjiangxinchnegsq/,22,22
www/xihu/,33,33
www/xihu_gaoxinwenjiaoyuansq/,2,2
www/xihu_huanglongsq/,19,19
www/xihu_xixisq/,10,8
www/xuanwu/,2,2
www/xuanwu_baizhifang/,3,3
www/xuanwu_changchunjie/,2,2
www/xuanwu_guanganmen/,18,18
www/xuanwu_taoranting/,2,2
www/xuhui/,187,182
www/xuhui_caobaoluditie/,11,11
www/xuhui_caohejingsq/,14,14
www/xuhui_changqiao/,4,4
www/xuhui_fenglinlu/,11,11
www/xuhui_hengshanlu/,2,2
www/xuhui_huaihaixilu/,12,12
www/xuhui_huajing/,4,4
www/xuhui_jianguoxilu/,5,5
www/xuhui_jiaoda/,4,4
www/xuhui_longhua/,24,23
www/xuhui_shanghainanzhan/,3,3
www/xuhui_tianlin/,5,5
www/xuhui_wantiguan/,58,50
www/xuhui_wantiguansq/,27,26
www/xuhui_xiangyangnanlu/,1,1
www/xuhui_xietulu/,5,5
www/xuhui_xuhuicaohejing/,43,42
www/xuhui_xuhuiqita/,4,4
www/xuhui_xujiahui/,55,53
www/xuhui_xujiahuisq/,5,5
www/xuhui_zhaojiabanglu/,11,11
www/xuhui_zhiwuyuan/,2,2
www/xzlditu/,9,9
www/yangpu/,124,119
www/yangpu_anshan/,22,22
www/yangpu_changyanglusq/,1,1
www/yangpu_dongwaitan/,26,26
www/yangpu_dongwaitansq/,24,24
www/yangpu_fudandaxue/,2,2
www/yangpu_huangxing/,4,4
www/yangpu_kongjianglu/,2,2
www/yangpu_pinglianglu/,29,28
www/yangpu_wujiaochang/,47,46
www/yangpu_wujiaochangsq/,7,7
www/yangpu_xinhuayiyuan/,1,1
www/yangpu_xinjiangwancheng/,8,8
www/yangpu_xinjiangwanchengsq/,1,1
www/yangpu_yangpudaqiao/,1,1
www/yangpu_yangpuqita/,13,13
www/yangpu_yangpusipinglu/,9,9
www/yangpu_yangpusipinglusq/,3,3
www/yangpu_yangpuzhoujiazuilu/,8,8
www/yangpu_zhangyanglu/,8,8
www/yangpu_zhongyuan/,3,3
www/yangpu_zhongyuansq/,1,1
www/yanta/,30,30
www/yantian_shatoujiao/,5,5
www/yantian_yantian/,13,13
www/yuexiu/,8,8
www/yuexiu_huanghuagang/,1,1
www/yuexiu_shuiyinlu/,1,1
www/yuexiu_ximenkou/,1,1
www/yuexiu_yanjiangzhonglu/,1,1
www/zhabei/,2,2
www/zhabei_baoshanlu/,17,17
www/zhabei_daninglu/,14,14
www/zhabei_dnyclsq/,3,3
www/zhabei_gonghexinlu/,41,41
www/zhabei_hetian/,8,8
www/zhabei_huochenzhansq/,3,3
www/zhabei_laobeizhan/,2,2
www/zhabei_pengpu/,2,2
www/zhabei_tianmuxilu/,30,30
www/zhabei_wenshuilu/,18,18
www/zhabei_xinkezhan/,11,9
www/zhabei_xizangbeilu/,4,4
www/zhabei_yanchanglu/,1,1
www/zhabei_zhabeiqita/,9,9
www/zhabei_zhijiangxilu/,3,2
www/zuxiezilou/,30438,28039
www/zuxiezilou/a/,543,531
www/zuxiezilou/au/,44,44
www/zuxiezilou/auzx/,6,6
www/zuxiezilou/azx/,5,5
www/zuxiezilou/b/,251,248
www/zuxiezilou/bd/,11,11
www/zuxiezilou/bzx/,3,3
www/zuxiezilou/d/,306,301
www/zuxiezilou/du/,13,13
www/zuxiezilou/i/,298,294
www/zuxiezilou/l/,1,1
www/zuxiezilou/li/,3,3
www/zuxiezilou/p/,73,72
www/zuxiezilou/subway/,4,4
www/zuxiezilou/subway_/,723,703
www/zuxiezilou/subwayu/,5,5
www/zuxiezilou/t/,15,15
www/zuxiezilou/zx/,122,122
www_gxbg_/,14,14
www_sxzl_/,385,367
www_xzl_/,36692,31314
wwww/,1,1
wwwzlzhuanti_distrii/,91,91
wxgin,93,92
